
INSERT INTO `competence` (`id_competence`, `nom`, `niveau`, `id_profil`) VALUES
(246, 'fxgfg', 'fxgfg', 1),
(255, 'Design graphique', 'Design graphique', 15),
(245, 'last one', 'last one', 1),
(244, 'dev pro max', 'dev pro max', 1),
(131, 'Design de parcours utilisateurs', 'Design de parcours utilisateurs', 2),
(132, 'Design graphique', 'Design graphique', 2),
(272, 'dev', 'dev', 3),
(271, 'dsd', 'dsd', 3),
(270, 'dev pro max', 'dev pro max', 3),
(289, 'qsfsfsqfqfsfsqfsf', 'qsfsfsqfqfsfsqfsf', 4),
(130, 'Design d\'interface', 'Design d\'interface', 2),
(288, 'devp pro max 250', 'devp pro max 250', 4),
(268, 'fxgfg', 'fxgfg', 3),
(269, 'last one', 'last one', 3),
(286, 'sds', 'sds', 4),
(287, 'sddqd', 'sddqd', 4),
(283, 'last one', 'last one', 4),
(285, 'dsds', 'dsds', 4),
(284, 'dev pro', 'dev pro', 4),
(282, 'fxgfg', 'fxgfg', 4),
(281, 'dev pro max', 'dev pro max', 4),
(280, 'dsd', 'dsd', 4),
(279, 'dev', 'dev', 4),
(170, 'Design d\'interface', 'Design d\'interface', 5),
(171, 'Design de parcours utilisateurs', 'Design de parcours utilisateurs', 5),
(172, 'Design graphique', 'Design graphique', 5),
(173, 'Design d\'interface', 'Design d\'interface', 11),
(174, 'Design de parcours utilisateurs', 'Design de parcours utilisateurs', 11),
(175, 'Design graphique', 'Design graphique', 11),
(176, 'Design d\'interface', 'Design d\'interface', 12),
(177, 'Design de parcours utilisateurs', 'Design de parcours utilisateurs', 12),
(178, 'Design graphique', 'Design graphique', 12),
(202, 'Design graphique', 'Design graphique', 13),
(200, 'Design d\'interface', 'Design d\'interface', 13),
(201, 'Design de parcours utilisateurs', 'Design de parcours utilisateurs', 13),
(243, 'dsd', 'dsd', 1),
(242, 'dev', 'dev', 1),
(241, 'dev pro', 'dev pro', 1),
(240, 'dsds', 'dsds', 1),
(239, 'sds', 'sds', 1),
(237, 'sddqd', 'sddqd', 1),
(238, 'devp pro max 250', 'devp pro max 250', 1),
(236, 'qsfsfsqfqfsfsqfsf', 'qsfsfsqfqfsfsqfsf', 1),
(256, 'Design d\'interface', 'Design d\'interface', 16),
(254, 'Design de parcours', 'Design de parcours', 15),
(253, 'Design d\'interface', 'Design d\'interface', 15),
(257, 'Design de parcours', 'Design de parcours', 16),
(258, 'Design graphique', 'Design graphique', 16),
(733, 'SQL Server', 'SQL Server', 51),
(732, 'Azure', 'Azure', 51),
(262, 'Design d\'interface', 'Design d\'interface', 18),
(263, 'Design de parcours', 'Design de parcours', 18),
(264, 'Design graphique', 'Design graphique', 18),
(265, 'Design d\'interface', 'Design d\'interface', 19),
(266, 'Design de parcours', 'Design de parcours', 19),
(267, 'Design graphique', 'Design graphique', 19),
(273, 'dev pro', 'dev pro', 3),
(274, 'dsds', 'dsds', 3),
(275, 'sds', 'sds', 3),
(276, 'sddqd', 'sddqd', 3),
(277, 'devp pro max 250', 'devp pro max 250', 3),
(278, 'qsfsfsqfqfsfsqfsf', 'qsfsfsqfqfsfsqfsf', 3),
(290, 'qsfsfsqfqfsfsqfsf', 'qsfsfsqfqfsfsqfsf', 20),
(291, 'devp pro max 250', 'devp pro max 250', 20),
(292, 'sds', 'sds', 20),
(293, 'sddqd', 'sddqd', 20),
(294, 'last one', 'last one', 20),
(295, 'dsds', 'dsds', 20),
(296, 'dev pro', 'dev pro', 20),
(297, 'fxgfg', 'fxgfg', 20),
(298, 'dev pro max', 'dev pro max', 20),
(299, 'dsd', 'dsd', 20),
(300, 'dev', 'dev', 20),
(301, 'qsfsfsqfqfsfsqfsf', 'qsfsfsqfqfsfsqfsf', 22),
(302, 'devp pro max 250', 'devp pro max 250', 22),
(303, 'sds', 'sds', 22),
(304, 'sddqd', 'sddqd', 22),
(305, 'last one', 'last one', 22),
(306, 'dsds', 'dsds', 22),
(307, 'dev pro', 'dev pro', 22),
(308, 'fxgfg', 'fxgfg', 22),
(309, 'dev pro max', 'dev pro max', 22),
(310, 'dsd', 'dsd', 22),
(311, 'dev', 'dev', 22),
(312, 'qsfsfsqfqfsfsqfsf', 'qsfsfsqfqfsfsqfsf', 23),
(313, 'devp pro max 250', 'devp pro max 250', 23),
(314, 'sds', 'sds', 23),
(315, 'sddqd', 'sddqd', 23),
(316, 'last one', 'last one', 23),
(317, 'dsds', 'dsds', 23),
(318, 'dev pro', 'dev pro', 23),
(319, 'fxgfg', 'fxgfg', 23),
(320, 'dev pro max', 'dev pro max', 23),
(321, 'dsd', 'dsd', 23),
(322, 'dev', 'dev', 23),
(323, 'qsfsfsqfqfsfsqfsf', 'qsfsfsqfqfsfsqfsf', 24),
(324, 'devp pro max 250', 'devp pro max 250', 24),
(325, 'sds', 'sds', 24),
(326, 'sddqd', 'sddqd', 24),
(327, 'last one', 'last one', 24),
(328, 'dsds', 'dsds', 24),
(329, 'dev pro', 'dev pro', 24),
(330, 'fxgfg', 'fxgfg', 24),
(331, 'dev pro max', 'dev pro max', 24),
(332, 'dsd', 'dsd', 24),
(333, 'dev', 'dev', 24),
(334, 'qsfsfsqfqfsfsqfsf', 'qsfsfsqfqfsfsqfsf', 25),
(335, 'devp pro max 250', 'devp pro max 250', 25),
(336, 'sds', 'sds', 25),
(337, 'sddqd', 'sddqd', 25),
(338, 'last one', 'last one', 25),
(339, 'dsds', 'dsds', 25),
(340, 'dev pro', 'dev pro', 25),
(341, 'fxgfg', 'fxgfg', 25),
(342, 'dev pro max', 'dev pro max', 25),
(343, 'dsd', 'dsd', 25),
(344, 'dev', 'dev', 25),
(345, 'Design d\'interface', 'Design d\'interface', 26),
(346, 'Design de parcours', 'Design de parcours', 26),
(347, 'Design graphique', 'Design graphique', 26),
(348, 'Full stack', 'Full stack', 27),
(349, 'reactjs', 'reactjs', 27),
(350, 'react native', 'react native', 27),
(351, 'Symfony', 'Symfony', 27),
(352, 'nodejs', 'nodejs', 27),
(353, 'nextjs', 'nextjs', 27),
(354, 'nestjs', 'nestjs', 27),
(355, 'devOps', 'devOps', 27),
(356, 'gestion', 'gestion', 27),
(357, 'Full stack', 'Full stack', 31),
(358, 'reactjs', 'reactjs', 31),
(359, 'react native', 'react native', 31),
(360, 'Symfony', 'Symfony', 31),
(361, 'nodejs', 'nodejs', 31),
(362, 'nextjs', 'nextjs', 31),
(363, 'nestjs', 'nestjs', 31),
(364, 'devOps', 'devOps', 31),
(365, 'gestion', 'gestion', 31),
(366, 'gestion 2', 'gestion 2', 31),
(367, 'Full stack', 'Full stack', 32),
(368, 'reactjs', 'reactjs', 32),
(369, 'react native', 'react native', 32),
(370, 'Symfony', 'Symfony', 32),
(371, 'nodejs', 'nodejs', 32),
(372, 'nextjs', 'nextjs', 32),
(373, 'nestjs', 'nestjs', 32),
(374, 'devOps', 'devOps', 32),
(375, 'gestion', 'gestion', 32),
(376, 'Full stack', 'Full stack', 33),
(377, 'reactjs', 'reactjs', 33),
(378, 'react native', 'react native', 33),
(379, 'Symfony', 'Symfony', 33),
(380, 'nodejs', 'nodejs', 33),
(381, 'nextjs', 'nextjs', 33),
(382, 'nestjs', 'nestjs', 33),
(383, 'devOps', 'devOps', 33),
(384, 'gestion', 'gestion', 33),
(385, 'bonjour', 'bonjour', 35),
(386, 'bonjour', 'bonjour', 36),
(387, 'Sourire', 'Sourire', 36),
(796, 'php', 'php', 37),
(795, 'Gestion', 'Gestion', 37),
(794, 'devOps', 'devOps', 37),
(793, 'nestjs', 'nestjs', 37),
(792, 'Full stack', 'Full stack', 37),
(397, 'js', 'js', 38),
(398, 'js', 'js', 39),
(399, 'php', 'php', 39),
(400, 'bonjour', 'bonjour', 40),
(401, 'Sourire', 'Sourire', 40),
(402, 'Dormir', 'Dormir', 40),
(725, 'Community Management', 'Community Management', 50),
(874, 'Oauth2', 'Oauth2', 42),
(791, 'reactjs', 'reactjs', 37),
(873, 'OpenID connect', 'OpenID connect', 42),
(872, 'PostGreSQL', 'PostGreSQL', 42),
(871, 'Travis-CI', 'Travis-CI', 42),
(870, 'JavaScript', 'JavaScript', 42),
(869, 'React Native', 'React Native', 42),
(868, 'Supervisor', 'Supervisor', 42),
(867, 'Git/Github', 'Git/Github', 42),
(866, 'Gunicorn', 'Gunicorn', 42),
(865, 'SQL', 'SQL', 42),
(864, 'Nginx', 'Nginx', 42),
(863, 'Automatisation', 'Automatisation', 42),
(862, 'Redis', 'Redis', 42),
(861, 'Message brokers', 'Message brokers', 42),
(860, 'Error tracking', 'Error tracking', 42),
(859, 'TDD', 'TDD', 42),
(858, 'Django rest framework', 'Django rest framework', 42),
(857, 'CI/CD', 'CI/CD', 42),
(855, 'Docker', 'Docker', 42),
(856, 'Celery', 'Celery', 42),
(854, 'Machine learning', 'Machine learning', 42),
(853, 'Python', 'Python', 42),
(852, 'Django', 'Django', 42),
(851, 'Data science', 'Data science', 42),
(850, 'NLP', 'NLP', 42),
(849, 'Google Cloud', 'Google Cloud', 42),
(848, 'Digital Ocean', 'Digital Ocean', 42),
(847, 'Leadership', 'Leadership', 42),
(846, 'Agile', 'Agile', 42),
(609, 'Information', 'Information', 43),
(607, 'communication', 'communication', 43),
(608, 'engagement communautaire', 'engagement communautaire', 43),
(606, 'Gestion de Projet', 'Gestion de Projet', 43),
(604, 'Mise en œuvre plan de com', 'Mise en œuvre plan de com', 43),
(605, 'Conception stratégie de communication', 'Conception stratégie de communication', 43),
(603, 'creation numérique', 'creation numérique', 43),
(602, 'administration culturelle', 'administration culturelle', 43),
(818, 'bien', 'bien', 41),
(817, 'bon', 'bon', 41),
(597, 'Pack Office (Word, Excel, Powerpoint)', 'Pack Office (Word, Excel, Powerpoint)', 46),
(598, 'Adobe audition, Adobe première pro', 'Adobe audition, Adobe première pro', 46),
(599, 'Photographie', 'Photographie', 46),
(600, 'Gestion d\'ONG', 'Gestion d\'ONG', 46),
(601, 'Community Management', 'Community Management', 46),
(610, 'Management', 'Management', 43),
(611, 'Conseil à l’orientation', 'Conseil à l’orientation', 43),
(790, 'react native', 'react native', 37),
(789, 'Symfony', 'Symfony', 37),
(788, 'nodejs', 'nodejs', 37),
(787, 'nextjs', 'nextjs', 37),
(681, 'archicad', 'archicad', 48),
(682, 'autocad', 'autocad', 48),
(683, 'Gestion de Projet', 'Gestion de Projet', 48),
(786, 'sylius', 'sylius', 37),
(731, 'GCP', 'GCP', 51),
(730, 'DHIS2', 'DHIS2', 51),
(747, 'sdvcx', 'sdvcx', 52),
(746, 'fgfd', 'fgfd', 52),
(745, 'fdsdf', 'fdsdf', 52),
(744, 'fsfds', 'fsfds', 52),
(743, 'HSJ', 'HSJ', 52),
(742, 'Test', 'Test', 52),
(748, 'wxcvc', 'wxcvc', 52),
(749, 'fds', 'fds', 52),
(810, 'Uml', 'Uml', 53),
(809, 'Html', 'Html', 53),
(808, 'Css', 'Css', 53),
(807, 'sass', 'sass', 53),
(806, 'typeScript', 'typeScript', 53),
(805, 'javaScript', 'javaScript', 53),
(804, 'React', 'React', 53),
(803, 'firebase', 'firebase', 53),
(811, 'flutter', 'flutter', 53),
(812, 'c#', 'c#', 53),
(813, 'Oracle', 'Oracle', 53),
(875, 'vente', 'vente', 55),
(876, 'fournisseur', 'fournisseur', 55),
(877, 'achat de marchandise', 'achat de marchandise', 55),
(886, 'Web', 'Web', 56),
(885, 'Mobile', 'Mobile', 56),
(884, 'Desktop', 'Desktop', 56),
(887, 'Design', 'Design', 57);


INSERT INTO `experience_professionnelle` (`id_experience_professionnelle`, `entreprise`, `poste`, `date_debut`, `date_fin`, `description`, `id_profil`) VALUES
(27, 'MIT', 'chef', '2021-09-25', '2022-02-25', 'chef à MIT', 13),
(32, 'sdqs&f', 'dsdsd', '2021-09-04', '2021-09-28', 'ffdfzfe', 1),
(28, 'Limux Fundation', 'Manager', '2021-09-21', '2022-02-12', 'chef à MIT', 13),
(17, 'MIT', 'chef', '2021-09-25', '2022-02-25', 'chef à MIT', 5),
(18, 'MIT', 'chef', '2021-09-25', '2022-02-25', 'chef à MIT', 11),
(19, 'MIT', 'chef', '2021-09-25', '2022-02-25', 'chef à MIT', 12),
(155, 'Nimba Solution', 'Lead software engineer', '2020-07-01', '2021-11-04', 'DevOps, micro service', 42),
(35, 'Google', 'manager', '2018-06-12', '2022-06-12', 'manager à google', 19),
(36, 'MIT', 'chef', '2018-06-12', '2022-06-12', 'chef à MIT', 19),
(37, 'entreprise', 'Manager senior', '2021-09-04', '2021-09-28', 'dfd', 3),
(38, 'dfdfdf', 'Manager junior', '2021-08-28', '2021-09-28', 'jgkjjk', 4),
(39, 'dfdfdf', 'Manager junior', '2021-08-28', '2021-09-28', 'jgkjjk', 20),
(40, 'entreprise', 'Manager senior', '2021-08-28', '2021-09-28', 'dssf', 20),
(41, 'Orange', 'Devops', '2021-09-05', '2021-09-17', 'Charger côté deployed', 21),
(42, 'dfdfdf', 'Manager junior', '2021-08-28', '2021-09-28', 'jgkjjk', 22),
(43, 'entreprise', 'Manager senior', '2021-08-28', '2021-09-28', 'dssf', 22),
(44, 'dfdfdf', 'Manager junior', '2021-08-28', '2021-09-28', 'jgkjjk', 23),
(45, 'entreprise', 'Manager senior', '2021-08-28', '2021-09-28', 'dssf', 23),
(46, 'sdsf', 'post 1', '2021-08-28', '2021-10-29', 'fsqf', 23),
(47, 'dfdfdf', 'Manager junior', '2021-08-28', '2021-09-28', 'jgkjjk', 24),
(48, 'entreprise', 'Manager senior', '2021-08-28', '2021-09-28', 'dssf', 24),
(49, 'sdsf', 'post 1', '2021-08-28', '2021-10-29', 'fsqf', 24),
(50, 'dfdfdf', 'Manager junior', '2021-08-28', '2021-09-28', 'jgkjjk', 25),
(51, 'entreprise', 'Manager senior', '2021-08-28', '2021-09-28', 'dssf', 25),
(52, 'sdsf', 'post 1', '2021-08-28', '2021-10-29', 'fsqf', 25),
(53, 'entreprise', 'Manager senior', '2021-09-26', '2021-11-05', 'Description', 26),
(54, 'MonarkIt', 'dev junior', '2018-08-14', '2018-12-30', 'Développeur junior', 27),
(55, 'MonarkIt', 'Dev senior', '2018-12-31', '2021-06-13', 'Développeur Senior', 27),
(56, 'MonarkIt', 'Lead dev', '2021-06-14', '2021-09-25', 'Lead dev (chef d\'équipe et chef de projet)', 27),
(57, 'Orange', 'Dg', '2021-09-26', '2021-10-02', 'Directeur général', 29),
(58, 'FS', 'ANALYST', '2021-09-16', '2021-09-15', 'ANAL', 30),
(59, 'MonarkIt', 'dev junior', '2018-08-14', '2018-12-30', 'Développeur junior', 31),
(60, 'MonarkIt', 'Dev senior', '2018-12-31', '2021-06-13', 'Développeur Senior', 31),
(61, 'MonarkIt', 'Lead dev', '2021-06-14', '2021-09-25', 'Lead dev (chef d\'équipe et chef de projet)', 31),
(62, 'MonarkIt', 'dev junior', '2018-08-14', '2018-12-30', 'Développeur junior', 32),
(63, 'MonarkIt', 'Dev senior', '2018-12-31', '2021-06-13', 'Développeur Senior', 32),
(64, 'MonarkIt', 'Lead dev', '2021-06-14', '2021-09-25', 'Lead dev (chef d\'équipe et chef de projet)', 32),
(65, 'MonarkIt', 'Dev senior', '2018-12-31', '2021-06-13', 'Développeur Senior', 33),
(66, 'MonarkIt', 'Lead dev', '2021-06-14', '2021-09-25', 'Lead dev (chef d\'équipe et chef de projet)', 33),
(67, 'MonarkIt', 'Dev junior', '2018-08-14', '2018-12-30', 'Développeur junior', 33),
(68, 'Orange', 'Dg', '2021-09-26', '2021-10-02', 'Directeur général', 34),
(69, 'Orange', 'Dg', '2021-09-26', '2021-10-02', 'Directeur général', 35),
(70, 'Orange', 'Dg', '2021-09-26', '2021-10-02', 'Directeur général', 36),
(130, 'MonarkIt', 'Dev senior', '2018-12-31', '2021-06-13', 'Développeur Senior', 37),
(129, 'MonarkIt', 'Lead dev', '2021-06-14', '2021-09-25', 'Lead dev (chef d\'équipe et chef de projet)', 37),
(74, 'FS', 'ANALYST', '2021-09-16', '2021-09-15', 'ANAL', 38),
(75, 'FS', 'ANALYST', '2021-09-16', '2021-09-15', 'ANAL', 39),
(76, 'Orange', 'Dg', '2021-09-26', '2021-10-02', 'Directeur général', 40),
(154, 'MTN Guinée', 'Responsable Chargé de clientèle digitale', '2017-01-02', '2018-03-01', 'Responsable plaintes clients.', 42),
(153, 'Dakar institute of technology', 'Consultant python et NLP', '2020-01-15', '2021-09-28', 'Python et NLP', 42),
(152, 'FINDME HOUSE', 'Cloud Architect et Backend developer', '2021-10-01', '2021-12-03', '- Oauth2, OpenID connect\n- Google Cloud\n- API / Micro service', 42),
(95, '2kstudio', 'Stagiaire', '2021-05-01', '2021-08-31', 'Photographie', 46),
(151, 'MISTECH LLC', 'Senior Developeur', '2018-02-01', '2020-01-01', 'Developeur FullStack', 42),
(118, 'Test', 'DHIS2 Technical Leader DATA&AI', '2021-09-27', '2021-10-05', 'dsqfd', 52),
(143, 'Orange', 'Dg', '2021-09-26', '2021-10-02', 'Directeur général', 41),
(128, 'MonarkIt', 'Dev junior', '2018-08-14', '2018-12-30', 'Développeur junior', 37),
(136, 'GLut', 'CEO', '2021-10-13', '2021-12-31', 'Fondateur de Glut', 53),
(144, 'boerm', 'Charger au relation exterieur', '2021-10-14', '2022-02-03', 'By joining OVCAA, you’ll have access to every art event we sponsor or co-sponsor, and every class offered, including our popular Art Summer Camp for Kids (ASCK), which runs from June 1st through August 31st each year. In addition, if you join at our Rainbow level, you’ll get special invitations to seminars, talks, demonstrations, and performances by well-known and inspirational artists and musicians. Our standard annual membership fee is just $250 for individual and $375 for family, and our annual Rainbow level membership is $675 for individuals and $850 for family. All membership fees directly support the organization and help purchase supplies, rent exhibit and class locations, and provide funding for events.', 41),
(137, 'GLut', 'DG', '2021-10-03', '2021-11-04', 'jhhlk', 53),
(138, 'boerm', 'Charger au relation exterieur', '2021-10-15', '2022-03-04', 'fsghjdkfjlm\nùumBy joining OVCAA, you’ll have access to every art event we sponsor or co-sponsor, and every class offered, including our popular Art Summer Camp for Kids (ASCK), which runs from June 1st through August 31st each year. In addition, if you join at our Rainbow level, you’ll get special invitations to seminars, talks, demonstrations, and performances by well-known and inspirational artists and musicians. Our standard annual membership fee is just $250 for individual and $375 for family, and our annual Rainbow level membership is $675 for individuals and $850 for family. All membership fees directly support the organization and help purchase supplies, rent exhibit and class locations, and provide funding for events.', 53),
(142, 'qdq', 'CEO', '2021-10-13', '2021-11-06', 'ghj', 41),
(156, 'Way2Call', 'Data Scientist', '2019-08-31', '2021-09-28', 'ML, DL', 42),
(157, 'UI-FOX', 'gerant', '2021-11-01', '2021-11-18', 'administrateur general', 55),
(159, 'Bembeya Group', 'Directeur Générale', '2021-06-27', '2021-10-31', 'Développement des solutions digitales.', 56),
(160, 'Sonoya Group', 'Responsable technique', '2021-06-27', '2021-12-03', 'Développeur web', 56);


INSERT INTO `langue` (`id_langue`, `nom`) VALUES
(1, 'Francais'),
(2, 'Anglais'),
(3, 'Arabe'),
(4, 'Chinois'),
(5, 'Russe'),
(6, 'Espagnol'),
(7, 'Portugais'),
(8, 'Malinke'),
(9, 'Soussou'),
(10, 'Pular');


INSERT INTO `migrations` (`id`, `migration`, `batch`) VALUES
(33, '2019_12_14_000001_create_personal_access_tokens_table', 1),
(34, '2021_09_17_164915_create_utilisateur_table', 1),
(35, '2021_09_17_164918_create_role_table', 1),
(36, '2021_09_17_164921_create_droit_table', 1),
(37, '2021_09_17_164925_create_adresse_table', 1),
(38, '2021_09_17_164928_create_utilisateur_role_table', 1),
(39, '2021_09_17_164931_create_role_droit_table', 1),
(40, '2021_09_17_164934_create_profil_table', 1),
(41, '2021_09_17_164938_create_competence_table', 1),
(42, '2021_09_17_164941_create_langue_table', 1),
(43, '2021_09_17_164944_create_education_table', 1),
(44, '2021_09_17_164947_create_certification_table', 1),
(45, '2021_09_17_164949_create_type_contrat_table', 1),
(46, '2021_09_17_164950_create_experience_professionnelle_table', 1),
(47, '2021_09_17_164956_create_media_table', 1),
(48, '2021_09_17_165000_create_referent_table', 1),
(49, '2014_10_12_100000_create_password_resets_table', 2),
(50, '2021_09_22_101719_set_username_to_null_to_utilisateur_table', 2),
(51, '2021_09_22_220737_create_utilisateur_langue_table', 3),
(52, '2021_09_22_221024_remove_id_utilisateur_to_langue_table', 3),
(53, '2021_09_23_113417_add_to_code_sms_utilisateur_table', 3),
(54, '2021_09_23_173320_set_id_ty_contrat_to_null_to_ep_table', 4),
(55, '2021_09_25_091157_create_pays_table', 5),
(56, '2021_09_25_091402_add_id_pays_to_utilisateur_table', 5),
(57, '2021_09_25_112215_add_id_profil_to_utilisateur_table', 5),
(58, '2021_09_26_122712_change_user_fk_to_utilisateur_table', 6),
(59, '2021_09_26_123612_set_titre_to_null_to_profil_table', 6),
(60, '2021_09_26_183232_add_ville_to_utilisateur_table', 7),
(61, '2021_09_26_213002_add_alpha_colunm_to_pays_table', 7);


INSERT INTO `pays` (`id_pays`, `nom`, `alpha2`, `alpha3`) VALUES
(1, 'Guinée', 'gn', 'gin'),
(2, 'Guinée-Bissau', 'gw', 'gnb'),
(3, 'Guinée équatoriale', 'gq', 'gnq'),
(4, 'Kenya', 'ke', 'ken'),
(5, 'Afghanistan', 'af', 'afg'),
(6, 'Afrique du Sud', 'za', 'zaf'),
(7, 'Albanie', 'al', 'alb'),
(8, 'Algérie', 'dz', 'dza'),
(9, 'Allemagne', 'de', 'deu'),
(10, 'Andorre', 'ad', 'and'),
(11, 'Angola', 'ao', 'ago'),
(12, 'Antigua-et-Barbuda', 'ag', 'atg'),
(13, 'Arabie saoudite', 'sa', 'sau'),
(14, 'Argentine', 'ar', 'arg'),
(15, 'Arménie', 'am', 'arm'),
(16, 'Australie', 'au', 'aus'),
(17, 'Autriche', 'at', 'aut'),
(18, 'Azerbaïdjan', 'az', 'aze'),
(19, 'Bahamas', 'bs', 'bhs'),
(20, 'Bahreïn', 'bh', 'bhr'),
(21, 'Bangladesh', 'bd', 'bgd'),
(22, 'Barbade', 'bb', 'brb'),
(23, 'Biélorussie', 'by', 'blr'),
(24, 'Belgique', 'be', 'bel'),
(25, 'Belize', 'bz', 'blz'),
(26, 'Bénin', 'bj', 'ben'),
(27, 'Bhoutan', 'bt', 'btn'),
(28, 'Bolivie', 'bo', 'bol'),
(29, 'Bosnie-Herzégovine', 'ba', 'bih'),
(30, 'Botswana', 'bw', 'bwa'),
(31, 'Brésil', 'br', 'bra'),
(32, 'Brunei', 'bn', 'brn'),
(33, 'Bulgarie', 'bg', 'bgr'),
(34, 'Burkina Faso', 'bf', 'bfa'),
(35, 'Burundi', 'bi', 'bdi'),
(36, 'Cambodge', 'kh', 'khm'),
(37, 'Cameroun', 'cm', 'cmr'),
(38, 'Canada', 'ca', 'can'),
(39, 'Cap-Vert', 'cv', 'cpv'),
(40, 'République centrafricaine', 'cf', 'caf'),
(41, 'Chili', 'cl', 'chl'),
(42, 'Chine', 'cn', 'chn'),
(43, 'Chypre (pays)', 'cy', 'cyp'),
(44, 'Colombie', 'co', 'col'),
(45, 'Comores (pays)', 'km', 'com'),
(46, 'République du Congo', 'cg', 'cog'),
(47, 'République démocratique du Congo', 'cd', 'cod'),
(48, 'Corée du Sud', 'kr', 'kor'),
(49, 'Corée du Nord', 'kp', 'prk'),
(50, 'Costa Rica', 'cr', 'cri'),
(51, 'Côte d\'Ivoire', 'ci', 'civ'),
(52, 'Croatie', 'hr', 'hrv'),
(53, 'Cuba', 'cu', 'cub'),
(54, 'Danemark', 'dk', 'dnk'),
(55, 'Djibouti', 'dj', 'dji'),
(56, 'République dominicaine', 'do', 'dom'),
(57, 'Dominique', 'dm', 'dma'),
(58, 'Égypte', 'eg', 'egy'),
(59, 'Salvador', 'sv', 'slv'),
(60, 'Émirats arabes unis', 'ae', 'are'),
(61, 'Équateur (pays)', 'ec', 'ecu'),
(62, 'Érythrée', 'er', 'eri'),
(63, 'Espagne', 'es', 'esp'),
(64, 'Estonie', 'ee', 'est'),
(65, 'États-Unis', 'us', 'usa'),
(66, 'Éthiopie', 'et', 'eth'),
(67, 'Fidji', 'fj', 'fji'),
(68, 'Finlande', 'fi', 'fin'),
(69, 'France', 'fr', 'fra'),
(70, 'Gabon', 'ga', 'gab'),
(71, 'Gambie', 'gm', 'gmb'),
(72, 'Géorgie (pays)', 'ge', 'geo'),
(73, 'Ghana', 'gh', 'gha'),
(74, 'Grèce', 'gr', 'grc'),
(75, 'Grenade (pays)', 'gd', 'grd'),
(76, 'Guatemala', 'gt', 'gtm'),
(77, 'Guyana', 'gy', 'guy'),
(78, 'Haïti', 'ht', 'hti'),
(79, 'Honduras', 'hn', 'hnd'),
(80, 'Hongrie', 'hu', 'hun'),
(81, 'Inde', 'in', 'ind'),
(82, 'Indonésie', 'id', 'idn'),
(83, 'Iran', 'ir', 'irn'),
(84, 'Irak', 'iq', 'irq'),
(85, 'Irlande (pays)', 'ie', 'irl'),
(86, 'Islande', 'is', 'isl'),
(87, 'Israël', 'il', 'isr'),
(88, 'Italie', 'it', 'ita'),
(89, 'Jamaïque', 'jm', 'jam'),
(90, 'Japon', 'jp', 'jpn'),
(91, 'Jordanie', 'jo', 'jor'),
(92, 'Kazakhstan', 'kz', 'kaz'),
(93, 'Kirghizistan', 'kg', 'kgz'),
(94, 'Kiribati', 'ki', 'kir'),
(95, 'Koweït', 'kw', 'kwt'),
(96, 'Laos', 'la', 'lao'),
(97, 'Lesotho', 'ls', 'lso'),
(98, 'Lettonie', 'lv', 'lva'),
(99, 'Liban', 'lb', 'lbn'),
(100, 'Liberia', 'lr', 'lbr'),
(101, 'Libye', 'ly', 'lby'),
(102, 'Liechtenstein', 'li', 'lie'),
(103, 'Lituanie', 'lt', 'ltu'),
(104, 'Luxembourg (pays)', 'lu', 'lux'),
(105, 'Macédoine du Nord', 'mk', 'mkd'),
(106, 'Madagascar', 'mg', 'mdg'),
(107, 'Malaisie', 'my', 'mys'),
(108, 'Malawi', 'mw', 'mwi'),
(109, 'Maldives', 'mv', 'mdv'),
(110, 'Mali', 'ml', 'mli'),
(111, 'Malte', 'mt', 'mlt'),
(112, 'Maroc', 'ma', 'mar'),
(113, 'Îles Marshall (pays)', 'mh', 'mhl'),
(114, 'Maurice (pays)', 'mu', 'mus'),
(115, 'Mauritanie', 'mr', 'mrt'),
(116, 'Mexique', 'mx', 'mex'),
(117, 'États fédérés de Micronésie (pays)', 'fm', 'fsm'),
(118, 'Moldavie', 'md', 'mda'),
(119, 'Monaco', 'mc', 'mco'),
(120, 'Mongolie', 'mn', 'mng'),
(121, 'Monténégro', 'me', 'mne'),
(122, 'Mozambique', 'mz', 'moz'),
(123, 'Birmanie', 'mm', 'mmr'),
(124, 'Namibie', 'na', 'nam'),
(125, 'Nauru', 'nr', 'nru'),
(126, 'Népal', 'np', 'npl'),
(127, 'Nicaragua', 'ni', 'nic'),
(128, 'Niger', 'ne', 'ner'),
(129, 'Nigeria', 'ng', 'nga'),
(130, 'Norvège', 'no', 'nor'),
(131, 'Nouvelle-Zélande', 'nz', 'nzl'),
(132, 'Oman', 'om', 'omn'),
(133, 'Ouganda', 'ug', 'uga'),
(134, 'Ouzbékistan', 'uz', 'uzb'),
(135, 'Pakistan', 'pk', 'pak'),
(136, 'Palaos', 'pw', 'plw'),
(137, 'Panama', 'pa', 'pan'),
(138, 'Papouasie-Nouvelle-Guinée', 'pg', 'png'),
(139, 'Paraguay', 'py', 'pry'),
(140, 'Pays-Bas', 'nl', 'nld'),
(141, 'Pérou', 'pe', 'per'),
(142, 'Philippines', 'ph', 'phl'),
(143, 'Pologne', 'pl', 'pol'),
(144, 'Portugal', 'pt', 'prt'),
(145, 'Qatar', 'qa', 'qat'),
(146, 'Roumanie', 'ro', 'rou'),
(147, 'Royaume-Uni', 'gb', 'gbr'),
(148, 'Russie', 'ru', 'rus'),
(149, 'Rwanda', 'rw', 'rwa'),
(150, 'Saint-Christophe-et-Niévès', 'kn', 'kna'),
(151, 'Saint-Marin', 'sm', 'smr'),
(152, 'Saint-Vincent-et-les-Grenadines', 'vc', 'vct'),
(153, 'Sainte-Lucie', 'lc', 'lca'),
(154, 'Îles Salomon', 'sb', 'slb'),
(155, 'Samoa', 'ws', 'wsm'),
(156, 'Sao Tomé-et-Principe', 'st', 'stp'),
(157, 'Sénégal', 'sn', 'sen'),
(158, 'Serbie', 'rs', 'srb'),
(159, 'Seychelles', 'sc', 'syc'),
(160, 'Sierra Leone', 'sl', 'sle'),
(161, 'Singapour', 'sg', 'sgp'),
(162, 'Slovaquie', 'sk', 'svk'),
(163, 'Slovénie', 'si', 'svn'),
(164, 'Somalie', 'so', 'som'),
(165, 'Soudan', 'sd', 'sdn'),
(166, 'Soudan du Sud', 'ss', 'ssd'),
(167, 'Sri Lanka', 'lk', 'lka'),
(168, 'Suède', 'se', 'swe'),
(169, 'Suisse', 'ch', 'che'),
(170, 'Suriname', 'sr', 'sur'),
(171, 'Eswatini', 'sz', 'swz'),
(172, 'Syrie', 'sy', 'syr'),
(173, 'Tadjikistan', 'tj', 'tjk'),
(174, 'Tanzanie', 'tz', 'tza'),
(175, 'Tchad', 'td', 'tcd'),
(176, 'Tchéquie', 'cz', 'cze'),
(177, 'Thaïlande', 'th', 'tha'),
(178, 'Timor oriental', 'tl', 'tls'),
(179, 'Togo', 'tg', 'tgo'),
(180, 'Tonga', 'to', 'ton'),
(181, 'Trinité-et-Tobago', 'tt', 'tto'),
(182, 'Tunisie', 'tn', 'tun'),
(183, 'Turkménistan', 'tm', 'tkm'),
(184, 'Turquie', 'tr', 'tur'),
(185, 'Tuvalu', 'tv', 'tuv'),
(186, 'Ukraine', 'ua', 'ukr'),
(187, 'Uruguay', 'uy', 'ury'),
(188, 'Vanuatu', 'vu', 'vut'),
(189, 'Venezuela', 've', 'ven'),
(190, 'Viêt Nam', 'vn', 'vnm'),
(191, 'Yémen', 'ye', 'yem'),
(192, 'Zambie', 'zm', 'zmb'),
(193, 'Zimbabwe', 'zw', 'zwe');


INSERT INTO `personal_access_tokens` (`id`, `tokenable_type`, `tokenable_id`, `name`, `token`, `abilities`, `last_used_at`, `created_at`, `updated_at`) VALUES
(1, 'App\\Models\\Utilisateur', 1, 'access_token', '7465bdb05e40a1c4e22d31fec69251c4df2ed27f311a1a89517bb86e946b45c5', '[\"*\"]', NULL, '2021-09-20 00:19:31', '2021-09-20 00:19:31'),
(2, 'App\\Models\\Utilisateur', 2, 'access_token', '238b64bb41068d8212fe5f980267dac50ffbb75e6e694354f49339ad6733d36d', '[\"*\"]', NULL, '2021-09-20 00:50:05', '2021-09-20 00:50:05'),
(3, 'App\\Models\\Utilisateur', 2, 'access_token', '911e8706e165986c3af66f69e67fc737f7def6bedf13677570624c7eba56f6bd', '[\"*\"]', NULL, '2021-09-20 01:36:17', '2021-09-20 01:36:17'),
(4, 'App\\Models\\Utilisateur', 2, 'access_token', '962a2fb2b7bd1314aa3313413f253c98911c1b9a75ff998704f341861d6cc4fd', '[\"*\"]', NULL, '2021-09-20 01:52:40', '2021-09-20 01:52:40'),
(5, 'App\\Models\\Utilisateur', 2, 'access_token', 'e90950f19bf6b5fbd9b2ac4917cb52659ba1316fffed71a181358830ecde4d8b', '[\"*\"]', NULL, '2021-09-20 01:52:41', '2021-09-20 01:52:41'),
(6, 'App\\Models\\Utilisateur', 3, 'access_token', '44cdb5a1413957e2beb8c19f7d9c5fa909f21891f5d47ef7a7360167ff0ef4fe', '[\"*\"]', NULL, '2021-09-20 11:39:50', '2021-09-20 11:39:50'),
(7, 'App\\Models\\Utilisateur', 4, 'access_token', '38b9147bfee3923372a1a74661b2c51ec8e1fe4bb2f83c4f768188c5c8e7c2c2', '[\"*\"]', NULL, '2021-09-20 11:39:50', '2021-09-20 11:39:50'),
(8, 'App\\Models\\Utilisateur', 1, 'access_token', '85e93b8d21462c1284686f4d78ae320de36b10176dca3549598e6ffca3806c61', '[\"*\"]', NULL, '2021-09-20 12:02:30', '2021-09-20 12:02:30'),
(9, 'App\\Models\\Utilisateur', 1, 'access_token', '7f0e1f594438015b4fc4f43c28a6f9ef29f972b66077866c8bbb9e9714c6ac2f', '[\"*\"]', NULL, '2021-09-20 12:06:26', '2021-09-20 12:06:26'),
(10, 'App\\Models\\Utilisateur', 1, 'access_token', 'fb3d5cb0650293714ac2bbb1d9a1ec65dc167d86b7566a002efede7c656090f1', '[\"*\"]', NULL, '2021-09-20 12:08:24', '2021-09-20 12:08:24'),
(11, 'App\\Models\\Utilisateur', 1, 'access_token', '32ee4149e24d8c1dbb8106273c40204bd606c570202d87004648e5c3f3dfb28e', '[\"*\"]', NULL, '2021-09-20 12:14:42', '2021-09-20 12:14:42'),
(12, 'App\\Models\\Utilisateur', 1, 'access_token', '28792ae5eb19ea105db1eb38e461d6e892b10473ada829bdb436bce899aa2548', '[\"*\"]', NULL, '2021-09-20 12:16:01', '2021-09-20 12:16:01'),
(13, 'App\\Models\\Utilisateur', 1, 'access_token', '462fb15b42c3e3bf1dab2d452d5bb3e170326f547d9b7c75046c6614446c28a0', '[\"*\"]', NULL, '2021-09-20 12:16:53', '2021-09-20 12:16:53'),
(14, 'App\\Models\\Utilisateur', 1, 'access_token', '380615b1aa75e4a2b56ee5ee190a4ebd67b0bd6b997e87242351fb56fd091a5c', '[\"*\"]', NULL, '2021-09-20 12:17:53', '2021-09-20 12:17:53'),
(15, 'App\\Models\\Utilisateur', 1, 'access_token', '2046dc20a18cddb0be65ebd83e06bdc15353743dee60efa31734df0461e319d3', '[\"*\"]', NULL, '2021-09-20 12:18:27', '2021-09-20 12:18:27'),
(16, 'App\\Models\\Utilisateur', 1, 'access_token', '64de28dbfd728bee529fafbf9f233d83b3f96c54f63cbb556d1c1a78ea020ade', '[\"*\"]', NULL, '2021-09-20 12:18:44', '2021-09-20 12:18:44'),
(17, 'App\\Models\\Utilisateur', 1, 'access_token', '74ba044323e00aed6182e31f06ab8efa8000465f725849f101e92354b073954b', '[\"*\"]', NULL, '2021-09-20 12:19:12', '2021-09-20 12:19:12'),
(18, 'App\\Models\\Utilisateur', 1, 'access_token', 'b361cb388350136bf6d88065f66c6af7662f36c9d62c00832c9c8d5a400e3577', '[\"*\"]', NULL, '2021-09-20 12:20:14', '2021-09-20 12:20:14'),
(19, 'App\\Models\\Utilisateur', 1, 'access_token', 'cc1bfb9eef8933bcc4d877059223c2483b75064004d2c1b2d6608c8902bd8da5', '[\"*\"]', NULL, '2021-09-20 12:20:32', '2021-09-20 12:20:32'),
(20, 'App\\Models\\Utilisateur', 1, 'access_token', 'd93a3060aef8e2f8c4d4608acdf13c694b88a87d355ea4b9cf0e8474e37f90f9', '[\"*\"]', NULL, '2021-09-20 12:22:17', '2021-09-20 12:22:17'),
(21, 'App\\Models\\Utilisateur', 5, 'access_token', '7edb04e827b3db2858e48b7e921d07183042f345f153ab1626fae375b56bc6d9', '[\"*\"]', NULL, '2021-09-20 12:27:37', '2021-09-20 12:27:37'),
(22, 'App\\Models\\Utilisateur', 1, 'access_token', 'b01f7f4e7f9093240670f153994442a2c6925f58842b3fabd7f54d1ae70ee282', '[\"*\"]', NULL, '2021-09-20 12:27:51', '2021-09-20 12:27:51'),
(23, 'App\\Models\\Utilisateur', 1, 'access_token', '084b6703ead1897708d179910321b20bf94b3ca818641977fcc6cc589c5e2de3', '[\"*\"]', NULL, '2021-09-20 12:28:33', '2021-09-20 12:28:33'),
(24, 'App\\Models\\Utilisateur', 1, 'access_token', '3c5d0efdd567aed80c09c1626b278556dcfac49452317e274f25d4bb7e5f4ccc', '[\"*\"]', NULL, '2021-09-20 12:39:03', '2021-09-20 12:39:03'),
(25, 'App\\Models\\Utilisateur', 1, 'access_token', '347a841804d00f8bb2ebb6fa8147c4c1743d51a4643cd7c86289f67f1f2e5e45', '[\"*\"]', NULL, '2021-09-20 12:39:29', '2021-09-20 12:39:29'),
(26, 'App\\Models\\Utilisateur', 6, 'access_token', '217ff7a890c19864a2c1dfdc4ef71cd4f6c46717a3a6dc24c548afa24d80521e', '[\"*\"]', NULL, '2021-09-20 12:43:09', '2021-09-20 12:43:09'),
(27, 'App\\Models\\Utilisateur', 7, 'access_token', 'a31528b68271e70109fe6dd6473c349bc8722dfaf73ec6cd0919b9b3c0614aee', '[\"*\"]', NULL, '2021-09-20 12:45:42', '2021-09-20 12:45:42'),
(28, 'App\\Models\\Utilisateur', 2, 'access_token', '09f53d6f90d81aadba62b1fe0855ecfc01f440ef7a24f643f6929a434d956b77', '[\"*\"]', NULL, '2021-09-20 13:02:47', '2021-09-20 13:02:47'),
(29, 'App\\Models\\Utilisateur', 1, 'access_token', '5c81c876027f83d60b710486e6c92dfb343716dd0656384eaef184c943bc24e1', '[\"*\"]', NULL, '2021-09-20 13:09:06', '2021-09-20 13:09:06'),
(30, 'App\\Models\\Utilisateur', 1, 'access_token', '07e522bdf1fd7583054fdc0c2f149517f87f26bd95eb6673f75f467531dcf2c8', '[\"*\"]', NULL, '2021-09-20 14:00:46', '2021-09-20 14:00:46'),
(31, 'App\\Models\\Utilisateur', 8, 'access_token', '3dc6515d375a410e3884c12a2bdcf2f8f72a1a80b3ef37bd803fbc55f5253c30', '[\"*\"]', NULL, '2021-09-20 14:02:01', '2021-09-20 14:02:01'),
(32, 'App\\Models\\Utilisateur', 1, 'access_token', '0a921bbcc5356145ce063cee4eacadc67864ae58c3e99a38ea2ee34f96fc909d', '[\"*\"]', NULL, '2021-09-20 14:04:51', '2021-09-20 14:04:51'),
(33, 'App\\Models\\Utilisateur', 1, 'access_token', '42d17cc5431e0e052254939ddbf83b3897884d3cb67a120570fce950585064c8', '[\"*\"]', NULL, '2021-09-20 14:05:00', '2021-09-20 14:05:00'),
(34, 'App\\Models\\Utilisateur', 1, 'access_token', '04a09bfbbbd935953270568853db7544075448a76a7f97e1aa82b5d369166998', '[\"*\"]', NULL, '2021-09-20 14:05:00', '2021-09-20 14:05:00'),
(35, 'App\\Models\\Utilisateur', 1, 'access_token', 'eebd36c503d689e488dd397c09621d0eddce386db449581d60454e6f1ee141ab', '[\"*\"]', NULL, '2021-09-20 14:05:40', '2021-09-20 14:05:40'),
(36, 'App\\Models\\Utilisateur', 1, 'access_token', '7927db5f756668c9eeedad18dfd7264c1668c62b33722a0b7e93724445b5f796', '[\"*\"]', NULL, '2021-09-20 14:06:03', '2021-09-20 14:06:03'),
(37, 'App\\Models\\Utilisateur', 1, 'access_token', '01c1a4c59365ef27892d4de4b29389ba69dfab9e61f6740d3f523031e2657778', '[\"*\"]', NULL, '2021-09-20 14:06:34', '2021-09-20 14:06:34'),
(38, 'App\\Models\\Utilisateur', 9, 'access_token', '6119c65cb04b24248566cca1b3a8fe14675fad6b791149a2a1d692bbaec8bc4a', '[\"*\"]', NULL, '2021-09-20 14:13:10', '2021-09-20 14:13:10'),
(39, 'App\\Models\\Utilisateur', 1, 'access_token', '124adf66ad93a75d97b6080c04af794105ccc7178dacddbdd23c74b6284b93b3', '[\"*\"]', NULL, '2021-09-20 14:14:27', '2021-09-20 14:14:27'),
(40, 'App\\Models\\Utilisateur', 1, 'access_token', 'f804e740fb127d8bbaa386c437d7839024f767acb8cba30d3143c9a9d9892798', '[\"*\"]', NULL, '2021-09-20 14:16:21', '2021-09-20 14:16:21'),
(41, 'App\\Models\\Utilisateur', 1, 'access_token', '0593189b3d8b0a02807d8467b10430b0d7ff8d56b2a37d6bfab2ca6fcef2c119', '[\"*\"]', NULL, '2021-09-20 14:17:35', '2021-09-20 14:17:35'),
(42, 'App\\Models\\Utilisateur', 1, 'access_token', 'a42ba6c00d0c7a38409e60c7465f597c0a763e605c8ea5febd97e5c9f7f37597', '[\"*\"]', NULL, '2021-09-20 14:17:48', '2021-09-20 14:17:48'),
(43, 'App\\Models\\Utilisateur', 1, 'access_token', '05fc39557b6f6aef39470bb4be12aa93bec12ba36eb2940184ca86b543e15052', '[\"*\"]', NULL, '2021-09-20 14:19:03', '2021-09-20 14:19:03'),
(44, 'App\\Models\\Utilisateur', 10, 'access_token', '9546b5249bdc9e9c1349d97242db4cbe9cb20deb8d2a7727a868143b90545461', '[\"*\"]', NULL, '2021-09-20 14:22:13', '2021-09-20 14:22:13'),
(45, 'App\\Models\\Utilisateur', 10, 'access_token', '7bcd229c218ef1cdde7e66ea47707947e696134d18a1ffb0c3914596287c2c5a', '[\"*\"]', NULL, '2021-09-20 14:22:42', '2021-09-20 14:22:42'),
(46, 'App\\Models\\Utilisateur', 10, 'access_token', '3f6308973375a1eef4c51b5eeb04423300f7626f6cdee5563373478518468105', '[\"*\"]', NULL, '2021-09-20 14:22:58', '2021-09-20 14:22:58'),
(47, 'App\\Models\\Utilisateur', 10, 'access_token', '20eaee483b7c8f541d910ca6b85f6d47b1b38355c82452e0b3fc9d7b4623a381', '[\"*\"]', NULL, '2021-09-20 14:44:03', '2021-09-20 14:44:03'),
(48, 'App\\Models\\Utilisateur', 10, 'access_token', 'ad29598927289666ac03034f037cc44c1272f8ebea25af8bca2a0efa2c098cd8', '[\"*\"]', NULL, '2021-09-20 15:02:05', '2021-09-20 15:02:05'),
(49, 'App\\Models\\Utilisateur', 10, 'access_token', 'bb9daf8e5d62d733b88921a342526441b766f9b1b43a665d6779d74ec4aaba46', '[\"*\"]', NULL, '2021-09-20 15:02:58', '2021-09-20 15:02:58'),
(50, 'App\\Models\\Utilisateur', 11, 'access_token', '8fadbfef6a1a25525d9d02e7fe616ed6666f0cf73736262f2910561b59b3cd6a', '[\"*\"]', NULL, '2021-09-20 16:44:43', '2021-09-20 16:44:43'),
(51, 'App\\Models\\Utilisateur', 11, 'access_token', '02897ee8746b7d1b9ba06d53d02ce6d7b9c14e61c9a45b69cc7b21f68faede0d', '[\"*\"]', NULL, '2021-09-20 16:45:15', '2021-09-20 16:45:15'),
(52, 'App\\Models\\Utilisateur', 11, 'access_token', '453ed9329681116c62162303a539e86c182495cb733faab7ae7d95e1d0704ea8', '[\"*\"]', NULL, '2021-09-20 16:45:16', '2021-09-20 16:45:16'),
(53, 'App\\Models\\Utilisateur', 11, 'access_token', 'eced63d84d28ddee8fcbba7bf1e2a1756fb4686c2d71620f7862d4c59aa16cbb', '[\"*\"]', NULL, '2021-09-20 16:45:16', '2021-09-20 16:45:16'),
(54, 'App\\Models\\Utilisateur', 11, 'access_token', '55c45e3b82181baea64791d32916f71616ca871dad84acabc4da6fe80fcde7aa', '[\"*\"]', NULL, '2021-09-20 16:45:17', '2021-09-20 16:45:17'),
(55, 'App\\Models\\Utilisateur', 11, 'access_token', 'e3438f2e838e23086bb768d4148d52b4976aaabfcea5fc3b6e5261f0d9a9053c', '[\"*\"]', NULL, '2021-09-20 16:45:17', '2021-09-20 16:45:17'),
(56, 'App\\Models\\Utilisateur', 10, 'access_token', 'abdafe0cd6635d651f83f8f14e513ddc7bf9cf95a788773db2e200cac1ef82fd', '[\"*\"]', NULL, '2021-09-20 16:51:18', '2021-09-20 16:51:18'),
(57, 'App\\Models\\Utilisateur', 10, 'access_token', '6d08cda9e4c8db95d2d16dc87bfac041f69a26139dc3f722d05f78a08626abca', '[\"*\"]', NULL, '2021-09-20 17:18:16', '2021-09-20 17:18:16'),
(58, 'App\\Models\\Utilisateur', 10, 'access_token', '9cff0c2a561cf05972560ef8abb0ddbdc94e2bcf96e7ab5bdc4df4899b6d8ee7', '[\"*\"]', NULL, '2021-09-20 17:18:16', '2021-09-20 17:18:16'),
(59, 'App\\Models\\Utilisateur', 2, 'access_token', 'b0c5a207fd8e1b89d1ec6d33a00b859c346cd9fce2b7377e44a64176a3eb62d8', '[\"*\"]', NULL, '2021-09-20 17:18:26', '2021-09-20 17:18:26'),
(60, 'App\\Models\\Utilisateur', 12, 'access_token', '227d2ece1ad0e4198fcee8b10878db471e5efe45dd3760f42d294af0b2ab0135', '[\"*\"]', NULL, '2021-09-20 17:38:21', '2021-09-20 17:38:21'),
(61, 'App\\Models\\Utilisateur', 12, 'access_token', '44a9327fb59d47671e8478df2e16c967271a52dbfa57dff2f292ab5fc88c9735', '[\"*\"]', NULL, '2021-09-20 17:38:35', '2021-09-20 17:38:35'),
(62, 'App\\Models\\Utilisateur', 2, 'access_token', '0664d3b82389a22f00f9005c7b9c876e35972be7f2e2304620df88dd32e1f8df', '[\"*\"]', NULL, '2021-09-20 17:38:54', '2021-09-20 17:38:54'),
(63, 'App\\Models\\Utilisateur', 12, 'access_token', 'b32a373196356df8aa496d05924d00d1ae4fda0ce3b602417d68a5adb2c99298', '[\"*\"]', NULL, '2021-09-20 17:46:21', '2021-09-20 17:46:21'),
(64, 'App\\Models\\Utilisateur', 13, 'access_token', '7c04b9270759e341c8dd398ef96ac7f4a426a1b3f7b589ec5c54e5bcc0733987', '[\"*\"]', NULL, '2021-09-20 17:48:34', '2021-09-20 17:48:34'),
(65, 'App\\Models\\Utilisateur', 12, 'access_token', '1833433cca8ccf4529adaa35d1d22890af96913861b35df28200c1e9b1d27caa', '[\"*\"]', NULL, '2021-09-20 17:49:36', '2021-09-20 17:49:36'),
(66, 'App\\Models\\Utilisateur', 14, 'access_token', '248d140c351301c23aeca0e16634c8bcb5cb8fc3b4017ca87975ddab08ad68ca', '[\"*\"]', NULL, '2021-09-20 17:54:13', '2021-09-20 17:54:13'),
(67, 'App\\Models\\Utilisateur', 14, 'access_token', '804e2b4484d57db60fb2d72fcc56b3d932572543bb373c133bfb2bc8182c1fd3', '[\"*\"]', NULL, '2021-09-20 17:54:25', '2021-09-20 17:54:25'),
(68, 'App\\Models\\Utilisateur', 15, 'access_token', '227e4909775b443e0edfd7933b1ac66339182956507dad5fc4887211c402a2e8', '[\"*\"]', NULL, '2021-09-20 17:55:14', '2021-09-20 17:55:14'),
(69, 'App\\Models\\Utilisateur', 14, 'access_token', '3733e7bafeb61d2fb9cec7f0007de65598fde4a970c553a8d65857c6dd223286', '[\"*\"]', NULL, '2021-09-20 18:16:42', '2021-09-20 18:16:42'),
(70, 'App\\Models\\Utilisateur', 1, 'access_token', '62fb5c9c6f595a445e1e82353a3235353e2153be78160711bb6759baed396152', '[\"*\"]', NULL, '2021-09-20 18:49:18', '2021-09-20 18:49:18'),
(71, 'App\\Models\\Utilisateur', 1, 'access_token', '75237330e26336c502ed545ab055b7eddd28e10d3a177e663d1abe3cae617363', '[\"*\"]', NULL, '2021-09-20 19:22:01', '2021-09-20 19:22:01'),
(72, 'App\\Models\\Utilisateur', 1, 'access_token', '98b9573e7e44d00e1fc917671386f9fe4f069a35b3aacac0783c37cc4fdc4e8d', '[\"*\"]', NULL, '2021-09-20 19:22:01', '2021-09-20 19:22:01'),
(73, 'App\\Models\\Utilisateur', 14, 'access_token', 'e7f3a142703348c1c97fc07993a1ec04ae82c5db5be1c9e5ce50be1d22f2b865', '[\"*\"]', NULL, '2021-09-20 20:36:58', '2021-09-20 20:36:58'),
(74, 'App\\Models\\Utilisateur', 14, 'access_token', 'e3aa1893f672afbd6f53e81a362dd5bff466d1f8fa6dd6f7426da9e4ffcf629a', '[\"*\"]', NULL, '2021-09-20 20:44:44', '2021-09-20 20:44:44'),
(75, 'App\\Models\\Utilisateur', 16, 'access_token', '6fe109e334607b8957db495c5bda7eab1aca02cca975acb25b0c99392c2ea85e', '[\"*\"]', NULL, '2021-09-20 20:47:56', '2021-09-20 20:47:56'),
(76, 'App\\Models\\Utilisateur', 16, 'access_token', '91d58e39c28d7261116f2772a0dff26a82fa29b208423752fdcaf3c7fe1efa9b', '[\"*\"]', NULL, '2021-09-20 21:28:27', '2021-09-20 21:28:27'),
(77, 'App\\Models\\Utilisateur', 17, 'access_token', '3fe3ddcb90754aabe873b9e6d428fe96ddd8f18285e22bcdc0c9408c1893bb0a', '[\"*\"]', NULL, '2021-09-20 22:08:34', '2021-09-20 22:08:34'),
(78, 'App\\Models\\Utilisateur', 17, 'access_token', '287ec1bd17c926bb52a4b2642ce9d966bf24ed028b1e2b3c62a788a1e5012155', '[\"*\"]', NULL, '2021-09-20 22:08:48', '2021-09-20 22:08:48'),
(79, 'App\\Models\\Utilisateur', 18, 'access_token', '33227bf8919fe6946cb98e50faefe7bd583dd1056831112eeeedcd191d15d3ad', '[\"*\"]', NULL, '2021-09-20 22:21:26', '2021-09-20 22:21:26'),
(80, 'App\\Models\\Utilisateur', 17, 'access_token', 'a54dad370dbd93785d5772612cf53b71a965a08954fcf5829a16e36e2dfc4420', '[\"*\"]', NULL, '2021-09-21 12:13:01', '2021-09-21 12:13:01'),
(81, 'App\\Models\\Utilisateur', 19, 'access_token', 'c67fab01b9fc46ed55b8f2b9e839322597fcc90e82400749fe4b3a96f78b3a2e', '[\"*\"]', NULL, '2021-09-21 14:57:04', '2021-09-21 14:57:04'),
(82, 'App\\Models\\Utilisateur', 20, 'access_token', '52d7ff5319fc28e8c2b3ec000d5772d6829909b721ae2951c0fe6fb5730e2f99', '[\"*\"]', NULL, '2021-09-21 17:19:29', '2021-09-21 17:19:29'),
(83, 'App\\Models\\Utilisateur', 21, 'access_token', 'fa74ba894a18384c5cfb64c115d146845fd8bc7833e610024d61882cb3bede09', '[\"*\"]', NULL, '2021-09-21 17:19:58', '2021-09-21 17:19:58'),
(84, 'App\\Models\\Utilisateur', 20, 'access_token', '334799bb4889e24e4e34d8ee033512a0d6c7253ed5f99ddced418b4e36147f35', '[\"*\"]', NULL, '2021-09-21 17:20:11', '2021-09-21 17:20:11'),
(85, 'App\\Models\\Utilisateur', 20, 'access_token', 'f4afcabcb6789334adc2ec093904ad532cf67999100a010ad71f18b30925c07b', '[\"*\"]', NULL, '2021-09-21 17:20:12', '2021-09-21 17:20:12'),
(86, 'App\\Models\\Utilisateur', 19, 'access_token', '473942f2f6cf9210d86d06e5ddaaba61c48d9b6fb95f79d9397b259b9cc23ce1', '[\"*\"]', NULL, '2021-09-21 18:36:12', '2021-09-21 18:36:12'),
(87, 'App\\Models\\Utilisateur', 19, 'access_token', '72d094c26e63114c3c14b385aef8f7a88373051f2f1f8529b8cc7914e3e11b83', '[\"*\"]', NULL, '2021-09-21 18:36:13', '2021-09-21 18:36:13'),
(88, 'App\\Models\\Utilisateur', 22, 'access_token', '582d37f481d9576a61f04f0a92f6c14c1e3f6edf47caebc3a4d3ec57b1a021d7', '[\"*\"]', NULL, '2021-09-21 20:26:59', '2021-09-21 20:26:59'),
(89, 'App\\Models\\Utilisateur', 24, 'access_token', '7e56dc8cad8e1e593238700e4b16dd4a1cec7d37de7f718c8074aeef6ce35b78', '[\"*\"]', NULL, '2021-09-22 00:51:05', '2021-09-22 00:51:05'),
(90, 'App\\Models\\Utilisateur', 25, 'access_token', 'f3d810a4ebcc5508452cc3d0c3f10dd26da7d6e50a3d0681c37c579b8fae6822', '[\"*\"]', NULL, '2021-09-22 00:51:05', '2021-09-22 00:51:05'),
(91, 'App\\Models\\Utilisateur', 23, 'access_token', '84fdb97f23d4d5d5f07af52e240fb22af84488650ff358e5f133a3d29966ce42', '[\"*\"]', NULL, '2021-09-22 00:51:05', '2021-09-22 00:51:05'),
(92, 'App\\Models\\Utilisateur', 29, 'access_token', 'dee7c4648c0bb46febc4a745c954c7647f783fe77cebe8d62f985e3fd2c97a5e', '[\"*\"]', NULL, '2021-09-22 00:51:05', '2021-09-22 00:51:05'),
(93, 'App\\Models\\Utilisateur', 26, 'access_token', '52196013fdad767a47ff0e253368c1a0bec0faf4b7e44b7639860966bbabe396', '[\"*\"]', NULL, '2021-09-22 00:51:05', '2021-09-22 00:51:05'),
(94, 'App\\Models\\Utilisateur', 28, 'access_token', 'e9ff4be57ea9067a51721429f4c098bd589beb82756abafbf7728305c75d1944', '[\"*\"]', NULL, '2021-09-22 00:51:05', '2021-09-22 00:51:05'),
(95, 'App\\Models\\Utilisateur', 27, 'access_token', 'b7c803507b11d2f144cfa28c8533eeb4cebb27764ff0385a78249149ad6bac58', '[\"*\"]', NULL, '2021-09-22 00:51:05', '2021-09-22 00:51:05'),
(96, 'App\\Models\\Utilisateur', 30, 'access_token', 'cbc9aebfce7d8d3eed4920eaf2aa89cf1fc2b199668f7d0d6f8dc91771aabd6b', '[\"*\"]', NULL, '2021-09-22 00:52:45', '2021-09-22 00:52:45'),
(97, 'App\\Models\\Utilisateur', 31, 'access_token', 'dbe0bf913c9a01e79b060684c082f3f9258a10f286f14fa20bb01e87a2413c38', '[\"*\"]', NULL, '2021-09-22 01:02:33', '2021-09-22 01:02:33'),
(98, 'App\\Models\\Utilisateur', 1, 'access_token', '0660de8092c7b687f860ebe01344b419fd9934592ef220c50ddc28c0ec65c7ef', '[\"*\"]', NULL, '2021-09-22 01:10:30', '2021-09-22 01:10:30'),
(99, 'App\\Models\\Utilisateur', 1, 'access_token', 'eee3724a923540ce5674c5a59c20820ab505715408680e1faa11548f08dbd121', '[\"*\"]', NULL, '2021-09-22 01:12:09', '2021-09-22 01:12:09'),
(100, 'App\\Models\\Utilisateur', 1, 'access_token', 'cf4152b7d32604e5dc9fd0a204078edd2068051144ea64219fec39b1ba9e8ba3', '[\"*\"]', NULL, '2021-09-22 01:12:09', '2021-09-22 01:12:09'),
(101, 'App\\Models\\Utilisateur', 1, 'access_token', '2c1e1b2c3f9f08bd07ed8a3fb5b339492b450db12308d0e3655d82e5ba36155c', '[\"*\"]', NULL, '2021-09-22 01:12:09', '2021-09-22 01:12:09'),
(102, 'App\\Models\\Utilisateur', 1, 'access_token', '0761f911c579efa7c077cb1bb446da1e488aa252ade39bb31de667cf5beda7de', '[\"*\"]', NULL, '2021-09-22 01:12:09', '2021-09-22 01:12:09'),
(103, 'App\\Models\\Utilisateur', 21, 'access_token', '6cc35aa2523abd7ed45064c9af481b7824c0bbc94c14975669fc07ae5fd24234', '[\"*\"]', NULL, '2021-09-22 01:43:40', '2021-09-22 01:43:40'),
(104, 'App\\Models\\Utilisateur', 32, 'access_token', '81ba295bdb029e7662b7e839f566acd4f6b64a890086630092f3e9be6fdee262', '[\"*\"]', NULL, '2021-09-22 01:50:30', '2021-09-22 01:50:30'),
(105, 'App\\Models\\Utilisateur', 32, 'access_token', 'b530293e200f5cc80c700ab66e0536383790889ea200fddbce1dea2f3d8ff54d', '[\"*\"]', NULL, '2021-09-22 01:51:34', '2021-09-22 01:51:34'),
(106, 'App\\Models\\Utilisateur', 16, 'access_token', '3d5dc0f24bc27d159dffd0b390823fd0973a2e82568c5dc0962c5781be2a39c7', '[\"*\"]', NULL, '2021-09-22 02:18:31', '2021-09-22 02:18:31'),
(107, 'App\\Models\\Utilisateur', 16, 'access_token', 'e37e43e7bdde6462ad4ad312443276c1605b6bb681e6e8ed832cc843ef0df7c1', '[\"*\"]', NULL, '2021-09-22 02:23:43', '2021-09-22 02:23:43'),
(108, 'App\\Models\\Utilisateur', 16, 'access_token', '862e1732d9210e7debfec10adbd84335c8ce5391d70e7fa8f083da7614d157d2', '[\"*\"]', NULL, '2021-09-22 02:30:17', '2021-09-22 02:30:17'),
(109, 'App\\Models\\Utilisateur', 33, 'access_token', 'c6cc91f0cdcadab64ad1e0ee98971421f01a7eb9b42f9408c4efe1d5baae4a84', '[\"*\"]', NULL, '2021-09-22 03:03:57', '2021-09-22 03:03:57'),
(110, 'App\\Models\\Utilisateur', 1, 'access_token', '87c6470b6e0496bde15431953f9d4dc361545642d9294db5f589432a20846257', '[\"*\"]', NULL, '2021-09-22 16:36:48', '2021-09-22 16:36:48'),
(111, 'App\\Models\\Utilisateur', 1, 'access_token', '8aaa6b54cfd9ca1f70e6c8fa564d18d68444bb62410b2037cbff6cd4b8c579b3', '[\"*\"]', NULL, '2021-09-22 16:37:53', '2021-09-22 16:37:53'),
(112, 'App\\Models\\Utilisateur', 1, 'access_token', 'e65c7952ded5334b3c0c8db8e6533f6cf02600a6f6187660315566c2f835eae8', '[\"*\"]', NULL, '2021-09-22 16:39:25', '2021-09-22 16:39:25'),
(113, 'App\\Models\\Utilisateur', 1, 'access_token', '2430d14a8c8be6c62eacb3868b4b1a366915fcc1444b194970138a227f7a9c9e', '[\"*\"]', NULL, '2021-09-22 16:53:26', '2021-09-22 16:53:26'),
(114, 'App\\Models\\Utilisateur', 1, 'access_token', '50a031e5cef888ef8cb81f95063315c8fc897067141e06645efec328d859836f', '[\"*\"]', NULL, '2021-09-22 16:59:55', '2021-09-22 16:59:55'),
(115, 'App\\Models\\Utilisateur', 1, 'access_token', 'bb95394b6bfcc728fedaf72f99a9b8096a55a5d52c948cf58a75425b5d042da3', '[\"*\"]', NULL, '2021-09-22 17:08:15', '2021-09-22 17:08:15'),
(116, 'App\\Models\\Utilisateur', 1, 'access_token', 'b787c974b68a254f74903c6cd46efe74390f0e66e9aef5f490bb90a3fbb430b1', '[\"*\"]', NULL, '2021-09-22 17:12:28', '2021-09-22 17:12:28');


INSERT INTO `profil` (`id_profil`, `titre`, `resume`, `id_utilisateur`) VALUES
(21, 'Developpeur', 'Je fais de la programmation informatique', 21),
(17, 'Développeur Full Stack', 'Développeur Full Stack', 78),
(25, 'Manager bis', 'Manager', 79),
(39, 'Dev', 'Pro en dev', 56),
(7, 'Informaticien', 'Je suis developpeur Front-end', 85),
(8, 'Développer', 'Java', 87),
(41, 'Graphiste', 'By joining OVCAA, you’ll have access to every art event we sponsor or co-sponsor, and every class offered, including our popular Art Summer Camp for Kids (ASCK), which runs from June 1st through August 31st each year. In addition, if you join at our Rainbow level, you’ll get special invitations to seminars, talks, demonstrations, and performances by well-known and inspirational artists and musicians. Our standard annual membership fee is just $250 for individual and $375 for family, and our annual Rainbow level membership is $675 for individuals and $850 for family. All membership fees directly support the organization and help purchase supplies, rent exhibit and class locations, and provide funding for events.', 67),
(10, 'Artiste', 'bonjour dfd', 88),
(26, 'Nom de la profession', 'Votre resumé...', 2),
(37, 'Informaticien développeur', 'Informaticien développeur, lead dev chez MonarkIt', 92),
(42, 'Data Scientist', 'Life is so simple with python and JavaScript.', 31),
(43, 'Spécialiste Communication', 'Officier national Chargé de communication à l’OIM', 70),
(44, 'Eleve', 'TSE Sainte Marie', 95),
(45, 'Étudiant', 'Licence 2 Lettres Modernes', 96),
(46, 'Étudiante', 'Licence 3 en Communication', 97),
(47, 'Producteur d’images', 'Réalisateur vidéos', 99),
(48, 'Ingenieur', 'Je suis Amadou passionné d\'ingénierie', 101),
(49, 'Economiste', 'Gestion financière, producteur de vidéos', 22),
(50, 'Community Manager', 'Bienvenue 😊🙏', 82),
(51, 'Solution Architect', 'Specialist in Health Information Systems.', 59),
(52, 'Solution Architect', 'Specialist in Health Information Syst', 103),
(53, 'Analyste', 'Specialiste en Analyse et expert en IA', 104),
(54, 'Médecin', 'Medecin interne au CHU de Conakry, Président de SOS Cœur Sud', 105),
(55, 'analyste et business man', 'mise en relation entre fournisseur client', 107),
(56, 'Développeur Full Stack', 'Lorem ipsum dolor sit amet, consectetur adipisicing elit, sed do eiusmod\ntempor incididunt ut labore et dolore magna aliqua. Ut enim ad minim veniam,\nquis nostrud exercitation ullamco laboris nisi ut aliquip ex ea commodo\nconsequat. Duis aute irure dolor in reprehenderit in voluptate velit esse\ncillum dolore eu fugiat nulla pariatur. Excepteur sint occaecat cupidatat non\nproident, sunt in culpa qui officia deserunt mollit anim id est laborum.', 36),
(57, 'Entrepreneur', 'Test', 110);

INSERT INTO `utilisateur` (`id_utilisateur`, `nom_utilisateur`, `nom`, `prenom`, `date_de_naissance`, `sexe`, `email`, `telephone`, `date_de_creation`, `date_de_modification`, `statut`, `date_de_desactivation`, `url_photo`, `password`, `api_token`, `code_sms`, `date_code_sms`, `id_pays`, `id_profil`, `ville`) VALUES
(1, 'barry-mamadou-84', 'barry', 'mamadou', NULL, NULL, 'mamadoubarry6059@gmail.com', '06 20 52 06 75', '2021-09-19 20:19:31', NULL, NULL, NULL, 'https://babaata.eviltech.org/public/default.jpg', '$2y$10$d.PDWA77jxB5o2aO3lyID.es8vNueMURJTLmtJmgfgimpjViGDwwu', 'mgygBazqAvWRGjFOQw7UkGBWhuTX3C2g566VwO5oGRvpZgDL0q7xii2w4rij', NULL, NULL, NULL, NULL, NULL),
(2, 'barry-ibrahima-84', 'Barry', 'Ibrahima', NULL, 'Homme', 'client@mailinator.com', '545', '2021-09-19 20:50:04', '2021-09-26 13:48:47', NULL, NULL, 'https://babaata.eviltech.org/storage/users/72d5667d-c1da-4248-a6e3-5e85c5396a58.png', '$2y$10$DCJLnC1DuQWPOI0eT4pKoe9xjRTRU4e2IpVn2RNdHlQD7zlb2MPR2', '14jIdoLb1P5tWtkE918uDgcbBTnmQltK24mW24lHPe43EIENRw1TgzmCVN1j', '629251', '2021-09-24 16:21:46', NULL, 26, NULL),
(5, 'barry-mamadou-84', 'barry', 'mamadou', NULL, NULL, 'y@gmail.com', '620520675', '2021-09-20 08:27:37', NULL, NULL, NULL, 'https://babaata.eviltech.org/public/default.jpg', '$2y$10$xfahsSOZFHQOR8/yOsG/oeJncp6gai8W4qGAHoxxFsh05UB0BWE0i', 'F1ZzCA2nDp7WPr5UlRaZxZXCHMDgHi7TiF4j3oj8cYkT7gUctsLLmLxtbn0x', NULL, NULL, NULL, NULL, NULL),
(6, 'mamadou-barry-84', 'mamadou', 'barry', NULL, NULL, 'ma6059@gmail.com', '06 20 52 06 75', '2021-09-20 08:43:08', NULL, NULL, NULL, 'https://babaata.eviltech.org/public/default.jpg', '$2y$10$Itlg63w0QQo1CwqSkog5t.gbyC2a9Q5oRiep5jeIUnILXnkjbUvh6', 'Hp8vosnVPIP1Tc3HJsoZHlN8RFE7d5cWRNfNrVe5vz90I2PGatuArhEyLMRf', NULL, NULL, NULL, NULL, NULL),
(7, 'mamadou-barry-84', 'mamadou', 'barry', NULL, NULL, 'mbarry6059@gmail.com', '06 20 52 06 75', '2021-09-20 08:45:42', NULL, NULL, NULL, 'https://babaata.eviltech.org/public/default.jpg', '$2y$10$NmOq/YbAOaMcqN1Co.nUkufIPN417XcVx9OqTJtUyBD9kvJVtEmlK', 'RNKxSfiTshVN4HwoyJbs6kCLIzKjUSVUjEgNO6Ph57ZpQzfqSOoYi7w74Uan', NULL, NULL, NULL, NULL, NULL),
(8, 'mamadou-barry-84', 'mamadou', 'barry', NULL, NULL, 'mamay6059@gmail.com', '06 20 52 06 75', '2021-09-20 10:02:01', NULL, NULL, NULL, 'https://babaata.eviltech.org/public/default.jpg', '$2y$10$ZaE0QPI5VF6G8HFaIdfaNOYcNRmrcOksNJRPhIHCIifCOj2X.to4G', 'ysmMjSnfwCaqv5NapNXoAa4E4Jocwlw3UNrWlfxfDuUiKQWi7iQ9YHjAs6PJ', NULL, NULL, NULL, NULL, NULL),
(9, 'souare-dixon-84', 'Souare', 'Dixon', NULL, NULL, 'moi2021@gmail.com', '620202121', '2021-09-20 10:13:10', NULL, NULL, NULL, 'https://babaata.eviltech.org/public/default.jpg', '$2y$10$HzEAW9FNFbGtySMuELUfUenQfvii5tu9gSLkllDHK1JKzvzoz1vj2', 'aNsqckEI9XsCAWuWJXbLP09Z2a8TAdPd0A3SDW3Pa6p3zJFvTLVv23qpnwkE', NULL, NULL, NULL, NULL, NULL),
(10, 'mamadou-barry-84', 'mamadou', 'barry', NULL, NULL, 'mydata6059@gmail.com', '06 20 52 06 75', '2021-09-20 10:22:12', NULL, NULL, NULL, 'https://babaata.eviltech.org/public/default.jpg', '$2y$10$Tt4K5g4VpdOpeHsMmQ49i.AOP3dGtNG0i8iSInYbmYe3ysi1UoO5G', 'dtIuDbOf56CGHs3Lp4R8In26LAZkWpvTGInM1Zq6lq7afBJ23njNlq8OVbpn', NULL, NULL, NULL, NULL, NULL),
(12, 'mamadou-barry-84', 'mamadou', 'barry', NULL, NULL, 'arry6059@gmail.com', '06 20 52 06 75', '2021-09-20 13:38:20', NULL, NULL, NULL, 'https://babaata.eviltech.org/public/default.jpg', '$2y$10$f0/aR2M/tiPIN.nns5m8n.Iv8tPa8swR0nCkKrBlv.9ikpVQEdYdC', 'Fo9V8tDf0CEFS0of7NjVJMGqxRJfxCZpKsMiJLqWjeou2GoGiJGG3ujrI5wu', NULL, NULL, NULL, NULL, NULL),
(13, 'barry-mamadou-84', 'barry', 'mamadou', NULL, NULL, 'yyyy@gmail.com', '620520675', '2021-09-20 13:48:34', NULL, NULL, NULL, 'https://babaata.eviltech.org/public/default.jpg', '$2y$10$RSqP7tJPHvsbxbKtOwakW.XxKEA//Ul/LoOAMtobYSu/eNHAzQVD6', 'UUjjcYYWV72Up4dWf3Xl3QSEVHywXULEAgA3TfoWuIKMJwU9y6XWfYdfWBGN', NULL, NULL, NULL, NULL, NULL),
(14, 'mamadou-barry-84', 'mamadou', 'barry', NULL, NULL, 'ry6059@gmail.com', '06 20 52 06 75', '2021-09-20 13:54:13', NULL, NULL, NULL, 'https://babaata.eviltech.org/public/default.jpg', '$2y$10$yPQIV9.hqyhS3V/2oni6..MXpq9Li8gNbLcieKkUBbTnuWLY6OGyi', 'S3tmeVvmdgh14fCCPOUrHhCpYMVuan5OC6A4yThsHX7vE5WiJiv2Wzu4hlrZ', NULL, NULL, NULL, NULL, NULL),
(15, 'mamadou-barry-84', 'mamadou', 'barry', NULL, NULL, 'barry6059@gmail.com', '06 20 52 06 75', '2021-09-20 13:55:13', NULL, NULL, NULL, 'https://babaata.eviltech.org/public/default.jpg', '$2y$10$zWwfF/u4AXthpGl31xGZ3e/OqTJN5HX08B1Xb8u8mZIXR1T/gSw0y', 'gj0jBp68OVHDK7z7E3JX27i6f88KBpz5J7MJIK9iWPZa01xEz9FrCRYhSBi5', NULL, NULL, NULL, NULL, NULL),
(16, 'mamadou-barry-84', 'mamadou', 'barry', NULL, NULL, 'ib@gmail.com', '06 20 52 06 75', '2021-09-20 16:47:55', NULL, NULL, NULL, 'https://babaata.eviltech.org/public/default.jpg', '$2y$10$.BjZ0ScGM6ihxePca1LJ0O3xpxMjfxdL5.iuP16q7ngmB.IJbxAlG', 'R2wbrwACTkwN0hvqi1qhqKGnXfjwZDHQQ3n2LgMGQkP2xu2jmOHir7RqPod0', NULL, NULL, NULL, NULL, NULL),
(17, 'barry-ibrahima-84', 'Barry', 'Ibrahima', NULL, NULL, 'client2@mailinator.com', '564845546', '2021-09-20 18:08:33', NULL, NULL, NULL, 'https://babaata.eviltech.org/public/default.jpg', '$2y$10$NXHCYOZUJ33.SXP2dp/N.u/uXlq71NHkA/wFVPR0vKyn2i9zr/NlW', 'ma1k1WAWr3IPlGQIWpy2p9qZI5ONEF0dLU6VNwaXJk0MlNLwBOqBmlcC8uZk', '713546', '2021-09-24 12:32:27', NULL, NULL, NULL),
(18, 'diallo-aissatou-84', 'diallo', 'Aissatou', NULL, NULL, 'aissatou@gmail.com', '620560987', '2021-09-20 18:21:26', NULL, NULL, NULL, 'https://babaata.eviltech.org/public/default.jpg', '$2y$10$VMUEgz3Z1hv8OzOh9VDS2.GZf8eZxCd1NBS55WGzzLIax15vPjqci', '6XvKQMcXoh8SzNTB0mPK5YDTCuLOormavZ4AnFanEyfZv6MDmq8A8NRH7fyC', NULL, NULL, NULL, NULL, NULL),
(20, 'souare-dixon-84', 'Souare', 'Dixon', NULL, NULL, 'essai2021@gmail.com', '+224625518250', '2021-09-21 13:19:29', NULL, NULL, NULL, 'https://babaata.eviltech.org/public/default.jpg', '$2y$10$1KZ8.i72TRaAdUMDOTKm2OgbUFea.qd0VQfdVe9rG6I9Pjv3zDLsS', 'hbCKBZ5bFl4Rh8nrAmmnIl5t27zn0IDHBgCIF1KqHpjrrkXPofzcrdQFl2IL', NULL, NULL, NULL, NULL, NULL),
(21, 'diallo-abdoul-84', 'Diallo', 'abdoul', NULL, NULL, 'goudoussy909@gmail.com', '626642572', '2021-09-21 13:19:58', NULL, NULL, NULL, 'https://babaata.eviltech.org/storage/users/13efca9c-7df0-481c-96c9-81eb8c92b27f.jpg', '$2y$10$QV.LNEyFi1PjX/3kBPpUU.oSvQCdShqrX9L9HdIihO/zn1kAxWXMi', 'j04Ed0k7zFyCGdwYx4gNeG9TqDPCELVAhqk0wZTHJZQTVotfCct1vLdWuHvz', NULL, NULL, NULL, 21, NULL),
(22, 'diallo-elhadj-mohamed-84', 'Diallo', 'Elhadj Mohamed', NULL, 'Homme', 'elhadjmohoglmi87@gmail.com', '625290751', '2021-09-21 16:26:59', '2021-10-15 18:38:55', NULL, NULL, 'https://babaata.eviltech.org/public/default.jpg', '$2y$10$IZGnQqq6LEqFAj90lSOqs.NWCR9wRmorHhecFDxYCATnFJwSQpq7u', '8lWdXNDZQvIai7z6oErbMnpmsGB2dSHvr7HW4IPttnbwmTcMtQZvFZRMBniO', NULL, NULL, NULL, 49, 'Conakry'),
(23, 'gdkdh-gebssld-84', 'Gdkdh', 'Gebssld', NULL, NULL, 'Toi2021@gmail.com', '625518250', '2021-09-21 20:51:05', NULL, NULL, NULL, 'https://babaata.eviltech.org/public/default.jpg', '$2y$10$F/B./YUpo6T2u0ENgeDn8u.CEWHgtL/botOvdDq7uJHmjthjCzvCS', 'DgcHhfI8wxf3rVRH3eP9rVGSBkRcHgsMzwSVZ80jdByS5vFuvGqP6dds6CS8', NULL, NULL, NULL, NULL, NULL),
(24, 'gdkdh-gebssld-84', 'Gdkdh', 'Gebssld', NULL, NULL, 'Toi2021@gmail.com', '625518250', '2021-09-21 20:51:05', NULL, NULL, NULL, 'https://babaata.eviltech.org/public/default.jpg', '$2y$10$C7n43nYUgVWSE/rE7DmNKukXkTfxuieqE1YNwt2cpEQFcsJisDYGG', '9IjLVjU6BIp3TykrVi8oZ43IMIe5CRgbX7O4v37xlbbXVq9dl3kKqb9ymoem', NULL, NULL, NULL, NULL, NULL),
(25, 'gdkdh-gebssld-84', 'Gdkdh', 'Gebssld', NULL, NULL, 'Toi2021@gmail.com', '625518250', '2021-09-21 20:51:05', NULL, NULL, NULL, 'https://babaata.eviltech.org/public/default.jpg', '$2y$10$f5KWEBqG24f0FH/a1oEaGeplW3ZliD3GzDAB44ywVEG93xk6pT6ie', 'U430Rzeyf1utGlbVYLB6rEAO5QyIoj96Gnoj8Qyb4ZRDChbFuSU3UoGKMotx', NULL, NULL, NULL, NULL, NULL),
(26, 'gdkdh-gebssld-84', 'Gdkdh', 'Gebssld', NULL, NULL, 'Toi2021@gmail.com', '625518250', '2021-09-21 20:51:05', NULL, NULL, NULL, 'https://babaata.eviltech.org/public/default.jpg', '$2y$10$59yJhUzSMY6ftAkv/Tz72.2Sx.kXUr.2C5kiD/7c9XJLTZHOPCoNO', 'Fv97olun5Q6RtY8TwNpKt3l9JoAucAemfXfwCZjek1xdNGI70yrNOIDBxy1l', NULL, NULL, NULL, NULL, NULL),
(27, 'gdkdh-gebssld-84', 'Gdkdh', 'Gebssld', NULL, NULL, 'Toi2021@gmail.com', '625518250', '2021-09-21 20:51:05', NULL, NULL, NULL, 'https://babaata.eviltech.org/public/default.jpg', '$2y$10$EgUZaJd4fx5Mny2whjJQgO8t4QmX7qrcyn3G06MiGhAM31BbcltvC', 'OrnJUwnBUc4mGqKWMDsKbEguHx4lNoT5lMC8WQqVGb6UyefSeSq7VeBDYw5e', NULL, NULL, NULL, NULL, NULL),
(28, 'gdkdh-gebssld-84', 'Gdkdh', 'Gebssld', NULL, NULL, 'Toi2021@gmail.com', '625518250', '2021-09-21 20:51:05', NULL, NULL, NULL, 'https://babaata.eviltech.org/public/default.jpg', '$2y$10$/snz4kSG9O2AkZ988OI6c.HGtARI6ylRPPqEaZEPMxXKtj8TB0Bey', 'akUeYM5UXxGhLNTX7iMnxmZs7DNgkMeMrtFgyciwzFpnyQzLQsqmvpxe6nfO', NULL, NULL, NULL, NULL, NULL),
(29, 'gdkdh-gebssld-84', 'Gdkdh', 'Gebssld', NULL, NULL, 'Toi2021@gmail.com', '625518250', '2021-09-21 20:51:05', NULL, NULL, NULL, 'https://babaata.eviltech.org/public/default.jpg', '$2y$10$7p1pOvFMLWF5wA1.o/1J9uY85C0p5V8Gx5kIiPhrYdsk3rQkWblee', 'TLp01TH9QHdSSssovqKxjNjHdmgMSh6FCQrmYZCfu5AX65pP6NVY8hiNFdnN', NULL, NULL, NULL, NULL, NULL),
(30, 'bangoura-fode-84', 'Bangoura', 'Fode', NULL, NULL, 'fmbangoura7@gmail.com', '+224625272290', '2021-09-21 20:52:45', NULL, NULL, NULL, 'https://babaata.eviltech.org/public/default.jpg', '$2y$10$u36gpi9DH0QX4/rJ.pmQIOrI2Zf8Gn/oof0kwhmYo8IrO3I2suYRG', 'klYDKpfIPHsSHOkNgq6tnFyrj7hsuxAW1hweyFFWzSVmy8DoyUqghKkrl7Yw', NULL, NULL, NULL, NULL, NULL),
(31, 'diallo-mamadou-harouna-84', 'Diallo', 'Harouna', NULL, 'Homme', 'dev.harouna@gmail.com', '623273737', '2021-09-21 21:02:33', '2021-10-02 15:16:10', NULL, NULL, 'https://babaata.eviltech.org/storage/users/393719f5-01ed-4d65-9a03-ec5b369aabdd.jpg', '$2y$10$iUrzenWg2xuKGj5PjE1UEuEP6eFkRoG9f5mmFvVFcnWU4YpkkXtsW', 'x4e7DBD1OlmYXm2lZAQohPsn8nIpLk9ZNKSo4UK2CCaNAzJbyqghtlBGpwim', '449145', '2021-09-28 13:46:29', 157, 42, 'Dakar'),
(32, 'diallo-mamadou-harouna-84', 'Diallo', 'Mamadou Harouna', NULL, NULL, 'harouna24saifal@gmail.com', '765355149', '2021-09-21 21:50:30', NULL, NULL, NULL, 'https://babaata.eviltech.org/public/default.jpg', '$2y$10$PrI6l7MZhm7WLbYgOyWqmuBFFyaOQe/jVmXCTBMbWRh.3W4DkBmim', 'TRQWrmOxrIPGyGGfFKnki9ghfDOnHqAQDX2w2lPfFtZdTVqjdG96UEFOByy8', NULL, NULL, NULL, NULL, NULL),
(33, 'bah-amadou-84', 'Bah', 'Amadou', NULL, NULL, 'amadoubah570@gmail.com', '661387104', '2021-09-21 23:03:57', NULL, NULL, NULL, 'https://babaata.eviltech.org/public/default.jpg', '$2y$10$kX8.b/VnAnfPwpUGfYHrBuciiCWmDA1XLQfktRbMJJqScpNkzzEOG', 'yckLWbSVW4iDhMfm6mkI3fPfCMJSFVW1809V6i8lrozxqtkPJjemNYv9Kqrf', NULL, NULL, NULL, NULL, NULL),
(34, 'keita-babila-84', 'keita', 'babila', NULL, NULL, 'babila@gmail.com', '625311608', '2021-09-22 13:19:40', NULL, NULL, NULL, 'https://babaata.eviltech.org/public/default.jpg', '$2y$10$JuLT2kLBkubQgXWWpbTz4e/hP9yY.ZFHBNtRfs2HbiZ1Ms.BOJVNO', NULL, NULL, NULL, NULL, NULL, NULL),
(36, 'donzo-youssouf-84', 'Donzo', 'Youssouf', NULL, 'Homme', 'donzoyoussouf@gmail.com', '657787567', '2021-09-22 14:34:24', '2021-11-05 14:49:59', NULL, NULL, 'https://babaata.eviltech.org/public/default.jpg', '$2y$10$zkhpMCKgRtlQ1PKFRj.yVuFfehBdTxmJf65mCUtv4tMrmybu/q6OC', NULL, NULL, NULL, NULL, 56, 'Conakry'),
(37, 'barry-mamadou-84', 'barry', 'Mamadou', NULL, NULL, 'mamfriz6059@gmail.com', '06 20 52 06 75', '2021-09-22 14:55:19', NULL, NULL, NULL, 'https://babaata.eviltech.org/public/default.jpg', '$2y$10$MOkDEeEbOJ55iKpcZzTx0O6eiYPZjKJjCau/bokVNVKLw0pGV4iLq', NULL, NULL, NULL, NULL, NULL, NULL),
(38, 'barry-mamadou-84', 'barry', 'mamadou', NULL, NULL, 'mamfrizzzz6059@gmail.com', '06 20 52 06 75', '2021-09-22 15:00:16', NULL, NULL, NULL, 'https://babaata.eviltech.org/public/default.jpg', '$2y$10$1XiCIbRAMHmQWMmqwVPFhehya42q0dtjwCZQcahSD33vs8kXutlAu', NULL, NULL, NULL, NULL, NULL, NULL),
(39, 'diallo-mamadou-84', 'Diallo', 'mamadou', NULL, NULL, 'mamadou@gmail.com', '620580675', '2021-09-22 15:02:06', '2021-09-24 22:08:13', NULL, NULL, 'https://babaata.eviltech.org/public/default.jpg', '$2y$10$YhtVOwdnX7sta1w8abkzRut8uUKDCM6endXr6A3xRgBYCyNMP0ke6', NULL, NULL, NULL, NULL, NULL, NULL),
(40, 'barry-mamadou-84', 'barry', 'mamadou', NULL, NULL, 'yyyzz6059@gmail.com', '06 20 52 06 75', '2021-09-22 15:04:18', NULL, NULL, NULL, 'https://babaata.eviltech.org/public/default.jpg', '$2y$10$NLHHfYNwxkarkdfMtE3Q1ekI0L/2IRw6zQq3oXn9ZbPvS/kOH7yF.', NULL, NULL, NULL, NULL, NULL, NULL),
(41, 'bah-mamd-84', 'bah', 'mamd', NULL, NULL, 'yyy6059@gmail.com', '888888', '2021-09-22 15:11:34', NULL, NULL, NULL, 'https://babaata.eviltech.org/public/default.jpg', '$2y$10$QXbriku4WnU4djQ9e8KBGeLg75HI5oyTsrkeYJrSPEupynE0K4Mw.', NULL, NULL, NULL, NULL, NULL, NULL),
(42, 'barry-mamadou-84', 'barry', 'mamadou', NULL, NULL, 'yyyyeeerer@gmail.com', '6205 20675', '2021-09-22 15:12:07', NULL, NULL, NULL, 'https://babaata.eviltech.org/public/default.jpg', '$2y$10$3poJrApRymSdkII81UiHH.rvkS2HE1vtoLX4hLk3L.pj1mHOGWFZi', NULL, NULL, NULL, NULL, NULL, NULL),
(43, 'mamadou-barry-84', 'mamadou', 'barry', NULL, NULL, 'doum6059@gmail.com', '66666', '2021-09-22 15:15:37', NULL, NULL, NULL, 'https://babaata.eviltech.org/public/default.jpg', '$2y$10$PEx/4UqUCgByf9emFOx4/.Zia1SIBFF/7hWNntetxWSQYheWLH7Cm', NULL, NULL, NULL, NULL, NULL, NULL),
(44, 'barry-mamadou-84', 'barry', 'mamadou', NULL, NULL, 'mamfrizzzzuuu6059@gmail.com', '06 20 52 06 75', '2021-09-22 15:16:25', NULL, NULL, NULL, 'https://babaata.eviltech.org/public/default.jpg', '$2y$10$Ki2Dcnyxlk6ECOkBvwxmkuXentWNqX1aQw/RZVXtBrwHfGkTmkV/S', NULL, NULL, NULL, NULL, NULL, NULL),
(45, 'barry-doums-84', 'barry', 'doums', NULL, NULL, 'mamfrizzyyzz6059@gmail.com', '06 20 52 06 75', '2021-09-22 15:21:05', NULL, NULL, NULL, 'https://babaata.eviltech.org/public/default.jpg', '$2y$10$Hipy9kCqCPfmPVI5xuWpQOmPuFii8hnajzrNgYk4R7grh..BAEaFG', NULL, NULL, NULL, NULL, NULL, NULL),
(46, 'mamadou-barry-84', 'mamadou', 'barry', NULL, NULL, 'mamfrizzzsssz6059@gmail.com', '06 20 52 06 75', '2021-09-22 15:26:53', NULL, NULL, NULL, 'https://babaata.eviltech.org/public/default.jpg', '$2y$10$IY.8N5Yq8sVCEnMw8mDx.elMs5qNDAuelttgDRK5Yjxnoh54AFpPO', NULL, NULL, NULL, NULL, NULL, NULL),
(47, 'barry-doums-84', 'barry', 'doums', NULL, NULL, 'mamfrizzzssz6059@gmail.com', '06 20 52 06 75', '2021-09-22 15:28:00', NULL, NULL, NULL, 'https://babaata.eviltech.org/public/default.jpg', '$2y$10$AhZvI9XuzUqRKR.02hKQgugX.qNIAprQ5Ox32swcHg0KAcK6m/TUG', NULL, NULL, NULL, NULL, NULL, NULL),
(48, 'barry-mamadou-84', 'barry', 'mamadou', NULL, NULL, 'yyyysweeerer@gmail.com', '6205 20675', '2021-09-22 15:30:56', NULL, NULL, NULL, 'https://babaata.eviltech.org/public/default.jpg', '$2y$10$zSBCEb9TwLVLeHFTpcdQDeo4Z1c7MX1BWtOmef9ziTFW4XymQGUCq', NULL, NULL, NULL, NULL, NULL, NULL),
(52, 'amdou-amba-bar-84', 'amdou', 'amba bar', NULL, NULL, 'ambabar@gmail.com', '623892398', '2021-09-22 17:54:28', NULL, NULL, NULL, 'https://babaata.eviltech.org/public/default.jpg', '$2y$10$x5oEQeTyW0dcPdPpAk4z0u5Z6teJveZw9RXTDPcUMl.B/VTqRCeEq', NULL, '896926', '2021-09-23 17:37:28', NULL, NULL, NULL),
(54, 'barry-ibrahima-84', 'Barry', 'Ibrahima', NULL, NULL, 'client@mailinator.c2om', '068754071886', '2021-09-22 18:44:10', NULL, NULL, NULL, 'https://babaata.eviltech.org/public/default.jpg', '$2y$10$JKc9FjNPdCMpxPZE4GtA9.k7UkhmX1Dg/sySmbGEwmzCQpvXFxZaC', NULL, NULL, NULL, NULL, NULL, NULL),
(56, 'diallo-ousmane-84', 'Diallo', 'Ousmane', NULL, NULL, 'ibousmandllo@gmail.com', '629728278', '2021-09-22 19:40:54', '2021-09-25 23:47:30', NULL, NULL, 'https://babaata.eviltech.org/storage/users/71786629-6058-42b2-ad09-6fef95080b55.jpg', '$2y$10$auE3uvsh4wRPWV4P5ZSLX.6K9KdC/nwEiXfrB05pfHUpQtnbYzVSm', NULL, NULL, NULL, NULL, 39, NULL),
(57, 'sylla-saf-84', 'sylla', 'saf', NULL, NULL, 'sylla.saf078@gmail.com', '655234509', '2021-09-22 19:59:42', NULL, NULL, NULL, 'https://babaata.eviltech.org/public/default.jpg', '$2y$10$KEHPfrkdWnV6ryVCwsUV9OB.EkbU2WeiX00KwDEj.G1ZNl8r7NzwC', NULL, NULL, NULL, NULL, NULL, NULL),
(59, 'diallo-mamadou-tafsir-84', 'Diallo', 'Mamadou Tafsir', NULL, 'Homme', 'diallotafsir52@gmail.com', '622206608', '2021-09-22 21:02:20', '2021-10-11 20:11:19', NULL, NULL, 'https://babaata.eviltech.org/storage/users/214abbe8-c578-462f-8804-c34dd8934cc1.jpg', '$2y$10$C7yDiWLl5vqKD2oGFipcFuzOW6Ls0hjQBZfIQmjY0weC1C3Jwpc0m', NULL, NULL, NULL, NULL, 51, 'Conakry'),
(61, 'diallo-mamadou-harouna-84', 'Diallo', 'Mamadou Harouna', NULL, NULL, 'harounadiallo@gmail.com', '765355149', '2021-09-22 21:13:39', NULL, NULL, NULL, 'https://babaata.eviltech.org/public/default.jpg', '$2y$10$wkZjWuOGi4y3xSvQNDflY.GHt4zUWGezs5s98QFz9oZdwYRW7nuv6', NULL, NULL, NULL, NULL, NULL, NULL),
(62, 'mamadou-barry-84', 'mamadou', 'barry', NULL, NULL, 'mamfrssizzzz6059@gmail.com', '06 20 52 06 75', '2021-09-22 21:25:55', NULL, NULL, NULL, 'https://babaata.eviltech.org/public/default.jpg', '$2y$10$hz2MQuoOvbt.SLJG67C.cONfq3KLgTDzCynYb3.8Gno1j5FEWGuPO', NULL, NULL, NULL, NULL, NULL, NULL),
(63, 'mamadou-barry-84', 'mamadou', 'barry', NULL, NULL, 'mamfrizttzzz6059@gmail.com', '06 20 52 06 75', '2021-09-22 23:21:54', NULL, NULL, NULL, 'https://babaata.eviltech.org/public/default.jpg', '$2y$10$6IcazsDz726QeOPBNvI9K..dCBK4gG3LVTzMfTn9udvmuXU7wB4A2', NULL, NULL, NULL, NULL, NULL, NULL),
(65, 'sdz-sdz-84', 'sdz', 'sdz', NULL, NULL, 'lamoraziee@yahoo.fr', 'sd', '2021-09-23 07:56:49', NULL, NULL, NULL, 'https://babaata.eviltech.org/public/default.jpg', '$2y$10$loe9Ky7It0c1CcRoqUR/yuI874Eu2oeKnGXgAq4dwIn9XVwXveUQq', NULL, NULL, NULL, NULL, NULL, NULL),
(66, 'mamadou-barry-84', 'mamadou', 'barry', NULL, NULL, 'mamfiz6059@gmail.com', '06 20 52 06 75', '2021-09-23 08:28:30', NULL, NULL, NULL, 'https://babaata.eviltech.org/public/default.jpg', '$2y$10$iL3deO4Oda8dxJwVWJCteeyAPDuiPQ9Lyi/02DjmBNBTerOYitgGK', NULL, NULL, NULL, NULL, NULL, NULL),
(67, 'diallo-abdoul-goudoussy-84', 'Diallo', 'Abdoul Goudoussy', NULL, NULL, 'goudoussy2000@gmail.com', '626642572', '2021-09-23 10:50:45', NULL, NULL, NULL, 'https://babaata.eviltech.org/storage/users/f341cbdd-2f89-4993-baed-7e04e162e6d5.jpg', '$2y$10$em93kMx1NX9kNqWFVTgiXuzx.64ubCLSnpq7zPV10FEjWCDudvlP6', NULL, '097125', '2021-09-25 14:59:50', NULL, 41, NULL),
(68, 'gsksn-jzzbb-84', 'Gsksn', 'Jzzbb', NULL, NULL, 'sshsjj@jsd.shz', '739377', '2021-09-23 11:45:32', NULL, NULL, NULL, 'https://babaata.eviltech.org/public/default.jpg', '$2y$10$O875e2a0HimzQoE9wyPMte9EY2/5kS7a6PcOwtfRaIyNP/.Sx77VK', NULL, NULL, NULL, NULL, NULL, NULL),
(69, 'sgi-automobile-84', 'BAH', 'Mamadou Moro', NULL, 'Homme', 'morobah123@gmail.com', '623363285', '2021-09-23 12:17:53', '2021-11-11 12:08:58', NULL, NULL, 'https://babaata.eviltech.org/public/default.jpg', '$2y$10$.ag3a7x9gsmnMT4/G7hdUe.958u7JQl909BLMy8zFiRxZc7jHaFhW', NULL, NULL, NULL, NULL, NULL, 'CONAKRY'),
(70, 'doumbouya-mohamed-84', 'DOUMBOUYA', 'Mohamed', NULL, 'Homme', 'mohamed01doumbouya@gmail.com', '625006955', '2021-09-23 16:59:54', '2021-09-28 13:22:27', NULL, NULL, 'https://babaata.eviltech.org/storage/users/cd059a4c-9f8b-4124-9cc3-eae4fdf7c733.jpg', '$2y$10$3ANhOnUpDfeP.lSc7g9.dOfG4G9P1.2jHPPRjxT4.FmQ8iykMyLBe', NULL, NULL, NULL, NULL, 43, NULL),
(71, 'donzo-nvafing-84', 'Donzo', 'N\'vafing', NULL, NULL, 'nvafing24@gmail.com', '657787566', '2021-09-23 17:00:51', NULL, NULL, NULL, 'https://babaata.eviltech.org/public/default.jpg', '$2y$10$Q4CiOQChsGppweZ2BVqfSO3jzV6OtIO9nKd5Hl9OGkX.3UuUkWnta', NULL, NULL, NULL, NULL, NULL, NULL),
(74, 'diallo-abdoul-84', 'Diallo', 'Abdoul', NULL, NULL, 'goudoussy99@gmail.com', '656234524', '2021-09-23 18:07:49', NULL, NULL, NULL, 'https://babaata.eviltech.org/public/default.jpg', '$2y$10$.2kJP1dSf9pGQwCX7LJcj.JSvJ6wUTZ5lZj4Ne.YSlxzRrGxtGNlW', NULL, NULL, NULL, NULL, NULL, NULL),
(77, 'barry-ibrahima-84', 'Barry', 'Ibrahima', NULL, NULL, 'client3@mailinator.com', '0687071886', '2021-09-24 12:28:49', NULL, NULL, NULL, 'https://babaata.eviltech.org/public/default.jpg', '$2y$10$sU86g96r8EybeG2fIlDq1uEESM3PIQl4bxiqURLtJ7fLB9QxH4Y6u', NULL, '234469', '2021-09-24 12:34:02', NULL, NULL, NULL),
(78, 'donzo-youssouf-84', 'Donzo', 'Youssouf', NULL, 'Homme', 'donzo24@ovi.com', '+224657787566', '2021-09-24 15:03:33', '2021-09-29 14:16:25', NULL, NULL, 'https://babaata.eviltech.org/storage/users/8f5624de-57a4-47db-8541-ebc75ceec5f4.jpg', '$2y$10$F3vha1gHPNlHZLf7.QPmUeAQlfCpM.thG8VcNRzlu0Z5sWdZj45DO', NULL, NULL, NULL, 1, 17, 'Conakry'),
(80, 'alimou-barry-84', 'Alimou', 'Barry', NULL, NULL, 'barry@gmail.com', '666 08 28 29', '2021-09-24 18:09:20', NULL, NULL, NULL, 'https://babaata.eviltech.org/public/default.jpg', '$2y$10$t7lN1gsi1XMaW1Rw11babespJf0grg6uFz/FULpJ80I70bZ8KLqXG', NULL, NULL, NULL, NULL, NULL, NULL),
(81, 'diallo-aissata-84', 'Diallo', 'Aissata', NULL, NULL, 'diallo.aicha1420@gmail.com', '623407082', '2021-09-24 18:51:21', NULL, NULL, NULL, 'https://babaata.eviltech.org/public/default.jpg', '$2y$10$0reHn8PsRqzJw1VUAg8YI.43AQLfdOgIodUZ56d1IBZzs4L7WwGBS', NULL, '095555', '2021-09-24 18:54:18', NULL, NULL, NULL),
(82, 'tall-amadou-84', 'Tall', 'Amadou', NULL, 'Homme', 'tallamadou300@gmail.com', '+224620692155', '2021-09-25 04:58:35', '2021-10-04 17:40:48', NULL, NULL, 'https://babaata.eviltech.org/storage/users/e562011f-772a-41ff-b296-2b2c8da9aa52.jpg', '$2y$10$xQmNq6Q9JXtvLjfx5GacH.1hV3NWuOEeeUCcloBFW8M68TZwxGSYy', NULL, NULL, NULL, NULL, 50, 'Conakry'),
(83, 'bangoura-fode-momo-84', 'Bangoura', 'Fodé Momo', NULL, 'Homme', 'ceo@nimbasolution.com', '+224 625272290', '2021-09-25 10:54:19', '2021-10-09 09:55:50', NULL, NULL, 'https://babaata.eviltech.org/storage/users/9a33ff6d-1147-4615-9a1b-439d297b863e.jpg', '$2y$10$cgT7BrjUU46hUPsfBXABju3ub6lozZAgjLdW983UdCKW9AWXqiclO', NULL, '593413', '2021-09-25 12:57:49', NULL, NULL, 'Conakry'),
(84, 'kaba-nfaly-85', 'Kaba', 'N\'faly', NULL, NULL, 'kabanfaly@hotmail.com', '+14383464321', '2021-09-25 13:34:27', NULL, NULL, NULL, 'https://babaata.eviltech.org/public/default.jpg', '$2y$10$1tp9pEmUyGC5847Me7cZrOYmwObgyZvg96Ka6E9mXC7MnDCHvY3W6', NULL, NULL, NULL, NULL, NULL, NULL),
(85, 'diallo-bademba-86', 'Diallo', 'bademba', NULL, NULL, 'goudoussy2@gmail.com', '626642573', '2021-09-25 14:30:26', '2021-09-25 23:10:30', NULL, NULL, 'https://babaata.eviltech.org/storage/users/d6d74d4c-1ee9-4959-bf00-bb2bb2997618.jpg', '$2y$10$40A5dLRty/N9WTMCyQofhuZD9i0vPcgrFSihj19Uc9sUvYA1yaZL.', NULL, NULL, NULL, NULL, 7, NULL),
(86, 'bah-aliou-87', 'bah', 'aliou', NULL, NULL, 'mam6059@gmail.com', '620665677', '2021-09-25 18:48:17', NULL, NULL, NULL, 'https://babaata.eviltech.org/public/default.jpg', '$2y$10$EMIyoejrbJ8vrVkGWMZ18OoDbFFXuWl5/pCEzc4n368pvDNzU/sl6', NULL, NULL, NULL, NULL, NULL, NULL),
(88, 'bah-amadou-89', 'Bah', 'Amadou', NULL, NULL, 'ibrah25.b@gmail.com', '625478569', '2021-09-26 00:32:30', NULL, NULL, NULL, 'https://babaata.eviltech.org/storage/users/b5166c6b-27c2-44db-9a3f-f5b77d332d9d.png', '$2y$10$RXSNWybnvkk/gOUb74ukEut.3skx5rfLr8yUTThuQPLy3y6ekqHo6', NULL, NULL, NULL, NULL, 10, NULL),
(89, 'sow-amadou-bobo-90', 'Sow', 'Amadou Bobo', NULL, 'Homme', 'bobsow2307@gmail.com', '627982156', '2021-09-26 11:13:41', '2021-10-09 15:25:37', NULL, NULL, 'https://babaata.eviltech.org/storage/users/b3075d77-963b-4c7c-81e0-8a90c2612008.jpg', '$2y$10$hwvwd0SQcwvyHKbNGI6APuCbEr/vtBdcsXo5Bhd5PVga223.VFiVC', NULL, NULL, NULL, NULL, NULL, 'Pita'),
(90, 'balde-oumar-91', 'Balde', 'Oumar', NULL, 'Femme', 'goudoussy200@gmail.com', '666 08 28 20', '2021-09-26 13:34:29', '2021-09-27 09:36:26', NULL, NULL, 'https://babaata.eviltech.org/storage/users/3ac0da84-5b4a-497b-afec-f8ca0c3446d2.jpg', '$2y$10$eso.0Vykqu3sCD5JIwRBxOMhuvfi2QodudgV3THugaiAvHXTtI9tO', NULL, NULL, NULL, NULL, NULL, NULL),
(91, 'diallo-soul-92', 'diallo', 'souleyman', NULL, 'Homme', 'souleymane@gmail.com', '620520676', '2021-09-26 13:38:45', '2021-09-26 19:10:10', NULL, NULL, 'https://babaata.eviltech.org/public/default.jpg', '$2y$10$E3dZ322D1Gxn5FXCH5UNcOcMjOf/ykFrA/M24Ss4Nrb5R8ALQpygu', NULL, NULL, NULL, NULL, NULL, NULL),
(92, 'barry-ibrahima-93', 'Barry', 'Ibrahima', NULL, 'Homme', 'i.barry3g@gmail.com', '+2120687071886', '2021-09-26 13:58:48', '2021-11-05 12:53:44', NULL, NULL, 'https://babaata.eviltech.org/storage/users/d250c911-8289-41a0-914e-1eab46aaae36.png', '$2y$10$Z6W0NOXB7E1Q/5dlRQK2E.rBFmQqLHKQVwZyOPKmApE2zDNpVcMAW', NULL, NULL, NULL, 112, 37, 'Marrakech'),
(93, 'sow-lamarana-94', 'sow', 'Lamarana', NULL, NULL, 'clientd@mailinator.com', '6548954', '2021-09-27 09:27:47', NULL, NULL, NULL, 'https://babaata.eviltech.org/public/default.jpg', '$2y$10$OWvIZTqmfxZy4gzxlPAsdeGvVJlOAgbJJSPell4LmtRWVaFKov/P6', NULL, NULL, NULL, NULL, NULL, NULL),
(94, 'sow-lamarana-95', 'sow', 'Lamarana', NULL, NULL, 'client1d@mailinator.com', '65489544', '2021-09-27 09:28:23', NULL, NULL, NULL, 'https://babaata.eviltech.org/public/default.jpg', '$2y$10$Ei4nyweVwccwHtFGfe8dLOlx4hsOKpQuX5BWRs6hGLZJnG42Bhow.', NULL, NULL, NULL, NULL, NULL, NULL),
(95, 'balde-abdoulaye-bela-96', 'Balde', 'Abdoulaye Béla', NULL, 'Homme', 'messirobalde@gmail.com', '625229838', '2021-09-28 11:25:48', '2021-09-28 11:29:53', NULL, NULL, 'https://babaata.eviltech.org/storage/users/35784b60-80b8-40f9-a556-1c2acd24a259.jpg', '$2y$10$e19n5NeD72QfO8frlCAQreBC6E3DN1JxMFSuNGK44.V0wd6C./uo6', NULL, NULL, NULL, NULL, 44, 'Conakry'),
(96, 'diallo-thierno-mamadou-97', 'Diallo', 'Thierno Mamadou', NULL, 'Homme', 'molokomamadou@gmail.com', '620972599', '2021-09-28 11:27:16', '2021-09-28 11:39:12', NULL, NULL, 'https://babaata.eviltech.org/storage/users/3c73049f-46ef-4a59-ba58-3006686b5d1b.jpg', '$2y$10$y/nQDzVag0RcahoOA0hE9exTEXjvqIzJ2RwK69Lsy4bg5gchuqv5e', NULL, NULL, NULL, NULL, 45, 'Conakry'),
(97, 'sacko-fatoumata-diaraye-98', 'Sacko', 'Fatoumata Diaraye', NULL, 'Femme', 'diarayeaminatasylla@gmail.com', '623416680', '2021-09-28 11:30:45', '2021-09-28 11:43:21', NULL, NULL, 'https://babaata.eviltech.org/storage/users/385d1a37-0947-41aa-bf10-57c52e620cb9.jpg', '$2y$10$ito2.JuOR3OgMpQp3PzNtuZkrybDQ8xZMu1FBxaFryhfEZB7mycLe', NULL, NULL, NULL, NULL, 46, 'Conakry'),
(98, 'kourouma-diarra-99', 'KOUROUMA', 'Diarra', NULL, 'Homme', 'diarrakourouma7@gmail.com', '00224624936561', '2021-09-28 11:31:25', '2021-09-28 11:36:56', NULL, NULL, 'https://babaata.eviltech.org/storage/users/6459431f-46e6-48c1-ab99-08ecf71fc0fe.jpg', '$2y$10$T10muIWX7wiwgNjU4yakEOC62Vd0PkNJKERjgAoANeK3LEczJTxDS', NULL, NULL, NULL, NULL, NULL, 'Conakry'),
(99, 'toure-abdoulaye-100', 'Touré', 'Abdoulaye', NULL, 'Homme', 'abdoultoure987@gmail.com', '620 83 60 50', '2021-09-28 11:54:22', '2021-09-28 15:44:41', NULL, NULL, 'https://babaata.eviltech.org/storage/users/8339b3a7-24a9-4f4a-a92f-100d4b0eb0f2.jpg', '$2y$10$48Pdqa2TLo9FBsPOopBrSeTaWehWr0Dr4Byk/qa7lrWFFi/WFyoMO', NULL, NULL, NULL, NULL, 47, 'Conakry'),
(100, 'cisse-fatoumata-diaraye-101', 'Cissé', 'Fatoumata Diaraye', NULL, NULL, 'cf.yarie@anaq-edu.org', '625251290', '2021-09-28 13:21:57', NULL, NULL, NULL, 'https://babaata.eviltech.org/public/default.jpg', '$2y$10$ZS65XnAz3S05byGt6ekNTekS6YJIpgX8X6v/3xEWFBO3pdpnBdQO.', NULL, NULL, NULL, NULL, NULL, NULL),
(101, 'bah-amadou-102', 'Bah', 'Amadou', NULL, 'Homme', 'ama12@gmail.com', '623456786', '2021-09-29 11:45:10', '2021-09-29 11:51:26', NULL, NULL, 'https://babaata.eviltech.org/public/default.jpg', '$2y$10$v7wdzke4umhdyF7c5vgHReBmlCqafFhI1LwPzItn05E0RlKyQg0US', NULL, NULL, NULL, 69, 48, 'Paris'),
(102, 'sylla-salif-103', 'Sylla', 'Salif', NULL, 'Homme', 'salifsylla821@gmail.com', '621797885', '2021-10-05 10:01:11', '2021-10-05 10:05:45', NULL, NULL, 'https://babaata.eviltech.org/storage/users/16c4f476-c8b4-4717-9368-c0c9d010ed02.jpg', '$2y$10$GdCp2OoGoh4B7Nz5HEqf3OZd8a8TC6TZvgnb5aC2PG3fuEwQwIY9e', NULL, NULL, NULL, NULL, NULL, 'Conakry'),
(103, 'diallo-mamadou-tafsir-104', 'Diallo', 'Mamadou Tafsir', NULL, 'Homme', 'diallotafsir52@hotmail.fr', '781453881fdsfsdfd', '2021-10-11 20:49:11', '2021-10-11 20:52:38', NULL, NULL, 'https://babaata.eviltech.org/storage/users/ca8a4f6b-a740-4bf8-8ecf-17752f0e899a.png', '$2y$10$OFUWFa.xGQhl.Kiltheaw.lYBQ617PkEHF7eWJyzLdsaQUsqaB0LO', NULL, NULL, NULL, 6, 52, NULL),
(104, 'diallo-ibrahima-105', 'DIallo', 'ibrahima', NULL, 'Homme', 'ibrh24@gmail.com', '623489936', '2021-10-13 10:38:11', '2021-10-13 10:39:23', NULL, NULL, 'https://babaata.eviltech.org/public/default.jpg', '$2y$10$spKkoZvasQKx5qMcqA73BOBcdpKDYmBKxQZDQnG9It6O47sAMLi0u', NULL, NULL, NULL, NULL, 53, 'Conakry'),
(105, 'barry-ibrahima-sory-106', 'Barry', 'Ibrahima sory', NULL, 'Homme', 'drbarrylelouma@gmail.com', '629 22 92 71', '2021-10-15 16:58:07', '2021-10-15 17:02:26', NULL, NULL, 'https://babaata.eviltech.org/storage/users/9906752c-38b4-42fb-9620-a9750f790a92.jpg', '$2y$10$lDh3dL55sUpLfm7qlh6mIO0h/rcIb.UlYoEj5oWe1JBSu6ot7oZn6', NULL, NULL, NULL, NULL, 54, 'Conakry'),
(106, 'camara-daoud-che-107', 'Camara', 'Daoud Che', NULL, 'Homme', 'daoudcheguevara@gmail.com', '625314792', '2021-11-01 01:38:09', '2021-11-01 01:47:28', NULL, NULL, 'https://babaata.eviltech.org/storage/users/4b43fe30-77f2-4a54-bcf3-b41978008d48.jpg', '$2y$10$tpSmvGi.KyMugpqW3NZrneywEE6MyS8V11KUtu5Y7aKr/F15qseZO', NULL, NULL, NULL, NULL, NULL, 'Conakry'),
(107, 'bah-ousmane-108', 'Bah', 'Ousmane', NULL, 'Homme', 'bahousmane@gmail.com', '623902323', '2021-11-03 22:23:16', '2021-11-03 22:25:27', NULL, NULL, 'https://babaata.eviltech.org/storage/users/3527a000-a335-4433-98c6-8369e864e8f8.png', '$2y$10$F9i6ZiC13piF5XDZzZ9ZyOb2ubLETuDIgC1IrEpfVIbSJRYll5V..', NULL, NULL, NULL, NULL, 55, 'conakry'),
(108, 'kakou-saul-109', 'kakou', 'saul', NULL, NULL, 'walter.white@gmail.com', '0987654', '2021-11-06 19:15:15', NULL, NULL, NULL, 'https://babaata.eviltech.org/public/default.jpg', '$2y$10$YzjHnzmo6YvG1klS1u5OIOBTaBvSJ9GdEDJDBj5w5LhwIU9ucZU7O', NULL, NULL, NULL, NULL, NULL, NULL),
(109, 'diallo-thierno-ibrahima-110', 'DIALLO', 'Thierno Ibrahima', NULL, 'Homme', 'dthiernoibra@gmail.com', '+224622673187', '2021-11-07 19:00:45', '2021-11-07 19:03:33', NULL, NULL, 'https://babaata.eviltech.org/storage/users/0e7eb228-5fc6-433b-a3ea-205e3135980e.jpg', '$2y$10$5Kth8lH7MHe7uisbsLYrjugpDxC/60bx3KqHrkBqPROB5IHpUkoj6', NULL, NULL, NULL, NULL, NULL, 'Conakry'),
(111, 'diallo-ibrahim-112', 'Diallo', 'Ibrahim', NULL, NULL, 'ibrahtoulet123@gmail.com', '621063699', '2021-11-11 09:39:54', NULL, NULL, NULL, 'https://babaata.eviltech.org/public/default.jpg', '$2y$10$qukIbEoq6gl8AozO./ceuuCx.tQXy96CYjugmljv73SIwWDgc9eeu', NULL, NULL, NULL, NULL, NULL, NULL);


INSERT INTO `utilisateur_langue` (`niveau`, `id_utilisateur`, `id_langue`) VALUES
(NULL, 79, 2),
(NULL, 79, 3),
(NULL, 79, 6),
(NULL, 79, 8),
(NULL, 79, 10),
(NULL, 79, 1),
(NULL, 56, 1),
(NULL, 56, 2),
(NULL, 56, 3),
(NULL, 85, 2),
(NULL, 85, 3),
(NULL, 31, 1),
(NULL, 31, 2),
(NULL, 31, 3),
(NULL, 2, 1),
(NULL, 90, 6),
(NULL, 90, 7),
(NULL, 2, 2),
(NULL, 2, 8),
(NULL, 2, 9),
(NULL, 2, 10),
(NULL, 92, 1),
(NULL, 92, 2),
(NULL, 92, 8),
(NULL, 92, 9),
(NULL, 92, 10),
(NULL, 91, 1),
(NULL, 70, 1),
(NULL, 70, 2),
(NULL, 70, 9),
(NULL, 83, 1),
(NULL, 83, 2),
(NULL, 83, 8),
(NULL, 83, 9),
(NULL, 83, 10),
(NULL, 78, 1),
(NULL, 96, 1),
(NULL, 96, 9),
(NULL, 96, 10),
(NULL, 95, 1),
(NULL, 98, 1),
(NULL, 98, 8),
(NULL, 98, 9),
(NULL, 97, 1),
(NULL, 97, 2),
(NULL, 97, 7),
(NULL, 97, 8),
(NULL, 97, 9),
(NULL, 97, 10),
(NULL, 22, 1),
(NULL, 22, 3),
(NULL, 22, 9),
(NULL, 22, 10),
(NULL, 78, 8),
(NULL, 78, 9),
(NULL, 99, 1),
(NULL, 99, 8),
(NULL, 99, 9),
(NULL, 87, 3),
(NULL, 87, 4),
(NULL, 87, 5),
(NULL, 89, 1),
(NULL, 89, 2),
(NULL, 89, 10),
(NULL, 101, 1),
(NULL, 101, 2),
(NULL, 101, 3),
(NULL, 101, 4),
(NULL, 92, 3),
(NULL, 31, 9),
(NULL, 31, 10),
(NULL, 82, 1),
(NULL, 82, 2),
(NULL, 82, 8),
(NULL, 82, 9),
(NULL, 82, 10),
(NULL, 102, 1),
(NULL, 102, 2),
(NULL, 102, 9),
(NULL, 102, 10),
(NULL, 89, 3),
(NULL, 89, 4),
(NULL, 89, 6),
(NULL, 59, 1),
(NULL, 59, 2),
(NULL, 103, 1),
(NULL, 103, 2),
(NULL, 104, 1),
(NULL, 104, 2),
(NULL, 104, 8),
(NULL, 104, 9),
(NULL, 104, 10),
(NULL, 105, 1),
(NULL, 106, 1),
(NULL, 106, 8),
(NULL, 106, 9),
(NULL, 106, 10),
(NULL, 107, 1),
(NULL, 107, 2),
(NULL, 107, 4),
(NULL, 107, 9),
(NULL, 107, 10),
(NULL, 36, 1),
(NULL, 36, 8),
(NULL, 36, 9),
(NULL, 109, 1),
(NULL, 110, 1),
(NULL, 110, 2),
(NULL, 69, 1),
(NULL, 69, 2);
